"datetime","precip_in","year","date","precip_10_in"
2017-01-01 00:00:00,0,2017,"2017-01-01",0
2017-01-01 12:00:00,0,2017,"2017-01-01",0
2017-01-02 00:00:00,0.3,2017,"2017-01-02",0.03
2017-01-02 12:00:00,0.42,2017,"2017-01-02",0.042
2017-01-03 00:00:00,0.41,2017,"2017-01-03",0.041
2017-01-03 12:00:00,0,2017,"2017-01-03",0
2017-01-04 00:00:00,0,2017,"2017-01-04",0
2017-01-04 12:00:00,0,2017,"2017-01-04",0
2017-01-05 00:00:00,0,2017,"2017-01-05",0
2017-01-05 12:00:00,0,2017,"2017-01-05",0
2017-01-06 00:00:00,0,2017,"2017-01-06",0
2017-01-06 12:00:00,0,2017,"2017-01-06",0
2017-01-07 00:00:00,0,2017,"2017-01-07",0
2017-01-07 12:00:00,0,2017,"2017-01-07",0
2017-01-08 00:00:00,0,2017,"2017-01-08",0
2017-01-08 12:00:00,0.24,2017,"2017-01-08",0.024
2017-01-09 00:00:00,0,2017,"2017-01-09",0
2017-01-09 12:00:00,0.12,2017,"2017-01-09",0.012
2017-01-10 00:00:00,0.79,2017,"2017-01-10",0.079
2017-01-10 12:00:00,0.06,2017,"2017-01-10",0.006
2017-01-11 00:00:00,0.12,2017,"2017-01-11",0.012
2017-01-11 12:00:00,0,2017,"2017-01-11",0
2017-01-12 00:00:00,0,2017,"2017-01-12",0
2017-01-12 12:00:00,0,2017,"2017-01-12",0
2017-01-13 00:00:00,0,2017,"2017-01-13",0
2017-01-13 12:00:00,0,2017,"2017-01-13",0
2017-01-14 00:00:00,0,2017,"2017-01-14",0
2017-01-14 12:00:00,0,2017,"2017-01-14",0
2017-01-15 00:00:00,0,2017,"2017-01-15",0
2017-01-15 12:00:00,0,2017,"2017-01-15",0
2017-01-16 00:00:00,0,2017,"2017-01-16",0
2017-01-16 12:00:00,0,2017,"2017-01-16",0
2017-01-17 00:00:00,0,2017,"2017-01-17",0
2017-01-17 12:00:00,0,2017,"2017-01-17",0
2017-01-18 00:00:00,0,2017,"2017-01-18",0
2017-01-18 12:00:00,0,2017,"2017-01-18",0
2017-01-19 00:00:00,0,2017,"2017-01-19",0
2017-01-19 12:00:00,0,2017,"2017-01-19",0
2017-01-20 00:00:00,0.03,2017,"2017-01-20",0.003
2017-01-20 12:00:00,0.4,2017,"2017-01-20",0.04
2017-01-21 00:00:00,0,2017,"2017-01-21",0
2017-01-21 12:00:00,0,2017,"2017-01-21",0
2017-01-22 00:00:00,0,2017,"2017-01-22",0
2017-01-22 12:00:00,0,2017,"2017-01-22",0
2017-01-23 00:00:00,0,2017,"2017-01-23",0
2017-01-23 12:00:00,0,2017,"2017-01-23",0
2017-01-24 00:00:00,0,2017,"2017-01-24",0
2017-01-24 12:00:00,0,2017,"2017-01-24",0
2017-01-25 00:00:00,0,2017,"2017-01-25",0
2017-01-25 12:00:00,0,2017,"2017-01-25",0
2017-01-26 00:00:00,0,2017,"2017-01-26",0
2017-01-26 12:00:00,0,2017,"2017-01-26",0
2017-01-27 00:00:00,0,2017,"2017-01-27",0
2017-01-27 12:00:00,0,2017,"2017-01-27",0
2017-01-28 00:00:00,0,2017,"2017-01-28",0
2017-01-28 12:00:00,0,2017,"2017-01-28",0
2017-01-29 00:00:00,0,2017,"2017-01-29",0
2017-01-29 12:00:00,0,2017,"2017-01-29",0
2017-01-30 00:00:00,0.57,2017,"2017-01-30",0.057
2017-01-30 12:00:00,0.73,2017,"2017-01-30",0.073
2017-01-31 00:00:00,0.24,2017,"2017-01-31",0.024
2017-01-31 12:00:00,0.06,2017,"2017-01-31",0.006
2017-02-01 00:00:00,0,2017,"2017-02-01",0
2017-02-01 12:00:00,0,2017,"2017-02-01",0
2017-02-02 00:00:00,0,2017,"2017-02-02",0
2017-02-02 12:00:00,0,2017,"2017-02-02",0
2017-02-03 00:00:00,0,2017,"2017-02-03",0
2017-02-03 12:00:00,0,2017,"2017-02-03",0
2017-02-04 00:00:00,0.06,2017,"2017-02-04",0.006
2017-02-04 12:00:00,0.18,2017,"2017-02-04",0.018
2017-02-05 00:00:00,0,2017,"2017-02-05",0
2017-02-05 12:00:00,0.21,2017,"2017-02-05",0.021
2017-02-06 00:00:00,0,2017,"2017-02-06",0
2017-02-06 12:00:00,0,2017,"2017-02-06",0
2017-02-07 00:00:00,0.68,2017,"2017-02-07",0.068
2017-02-07 12:00:00,0.11,2017,"2017-02-07",0.011
2017-02-08 00:00:00,0,2017,"2017-02-08",0
2017-02-08 12:00:00,0,2017,"2017-02-08",0
2017-02-09 00:00:00,0,2017,"2017-02-09",0
2017-02-09 12:00:00,0,2017,"2017-02-09",0
2017-02-10 00:00:00,0.17,2017,"2017-02-10",0.017
2017-02-10 12:00:00,0,2017,"2017-02-10",0
2017-02-11 00:00:00,0,2017,"2017-02-11",0
2017-02-11 12:00:00,0,2017,"2017-02-11",0
2017-02-12 00:00:00,0,2017,"2017-02-12",0
2017-02-12 12:00:00,0,2017,"2017-02-12",0
2017-02-13 00:00:00,0,2017,"2017-02-13",0
2017-02-13 12:00:00,0,2017,"2017-02-13",0
2017-02-14 00:00:00,0,2017,"2017-02-14",0
2017-02-14 12:00:00,0,2017,"2017-02-14",0
2017-02-15 00:00:00,0,2017,"2017-02-15",0
2017-02-15 12:00:00,0,2017,"2017-02-15",0
2017-02-16 00:00:00,0,2017,"2017-02-16",0
2017-02-16 12:00:00,0,2017,"2017-02-16",0
2017-02-17 00:00:00,0,2017,"2017-02-17",0
2017-02-17 12:00:00,0,2017,"2017-02-17",0
2017-02-18 00:00:00,0,2017,"2017-02-18",0
2017-02-18 12:00:00,0,2017,"2017-02-18",0
2017-02-19 00:00:00,0,2017,"2017-02-19",0
2017-02-19 12:00:00,0,2017,"2017-02-19",0
2017-02-20 00:00:00,0,2017,"2017-02-20",0
2017-02-20 12:00:00,1.83,2017,"2017-02-20",0.183
2017-02-21 00:00:00,0,2017,"2017-02-21",0
2017-02-21 12:00:00,0,2017,"2017-02-21",0
2017-02-22 00:00:00,0,2017,"2017-02-22",0
2017-02-22 12:00:00,0.55,2017,"2017-02-22",0.055
2017-02-23 00:00:00,0,2017,"2017-02-23",0
2017-02-23 12:00:00,0,2017,"2017-02-23",0
2017-02-24 00:00:00,0,2017,"2017-02-24",0
2017-02-24 12:00:00,0,2017,"2017-02-24",0
2017-02-25 00:00:00,0,2017,"2017-02-25",0
2017-02-25 12:00:00,0,2017,"2017-02-25",0
2017-02-26 00:00:00,0.15,2017,"2017-02-26",0.015
2017-02-26 12:00:00,0,2017,"2017-02-26",0
2017-02-27 00:00:00,0,2017,"2017-02-27",0
2017-02-27 12:00:00,0,2017,"2017-02-27",0
2017-02-28 00:00:00,0,2017,"2017-02-28",0
2017-02-28 12:00:00,0,2017,"2017-02-28",0
2017-03-01 00:00:00,0,2017,"2017-03-01",0
2017-03-01 12:00:00,0,2017,"2017-03-01",0
2017-03-02 00:00:00,0,2017,"2017-03-02",0
2017-03-02 12:00:00,0,2017,"2017-03-02",0
2017-03-03 00:00:00,0,2017,"2017-03-03",0
2017-03-03 12:00:00,0,2017,"2017-03-03",0
2017-03-04 00:00:00,0,2017,"2017-03-04",0
2017-03-04 12:00:00,0,2017,"2017-03-04",0
2017-03-05 00:00:00,0,2017,"2017-03-05",0
2017-03-05 12:00:00,0,2017,"2017-03-05",0
2017-03-06 00:00:00,0.03,2017,"2017-03-06",0.003
2017-03-06 12:00:00,0.14,2017,"2017-03-06",0.014
2017-03-07 00:00:00,0.27,2017,"2017-03-07",0.027
2017-03-07 12:00:00,0.06,2017,"2017-03-07",0.006
2017-03-08 00:00:00,0,2017,"2017-03-08",0
2017-03-08 12:00:00,0,2017,"2017-03-08",0
2017-03-09 00:00:00,0,2017,"2017-03-09",0
2017-03-09 12:00:00,0,2017,"2017-03-09",0
2017-03-10 00:00:00,0,2017,"2017-03-10",0
2017-03-10 12:00:00,0,2017,"2017-03-10",0
2017-03-11 00:00:00,0,2017,"2017-03-11",0
2017-03-11 12:00:00,0,2017,"2017-03-11",0
2017-03-12 00:00:00,0,2017,"2017-03-12",0
2017-03-12 12:00:00,0,2017,"2017-03-12",0
2017-03-13 00:00:00,0,2017,"2017-03-13",0
2017-03-13 12:00:00,0,2017,"2017-03-13",0
2017-03-14 00:00:00,0,2017,"2017-03-14",0
2017-03-14 12:00:00,0,2017,"2017-03-14",0
2017-03-15 00:00:00,0,2017,"2017-03-15",0
2017-03-15 12:00:00,0,2017,"2017-03-15",0
2017-03-16 00:00:00,0,2017,"2017-03-16",0
2017-03-16 12:00:00,0.45,2017,"2017-03-16",0.045
2017-03-17 00:00:00,0.6,2017,"2017-03-17",0.06
2017-03-17 12:00:00,0.06,2017,"2017-03-17",0.006
2017-03-18 00:00:00,0,2017,"2017-03-18",0
2017-03-18 12:00:00,0,2017,"2017-03-18",0
2017-03-19 00:00:00,0,2017,"2017-03-19",0
2017-03-19 12:00:00,0,2017,"2017-03-19",0
2017-03-20 00:00:00,0.03,2017,"2017-03-20",0.003
2017-03-20 12:00:00,0,2017,"2017-03-20",0
2017-03-21 00:00:00,0,2017,"2017-03-21",0
2017-03-21 12:00:00,0.05,2017,"2017-03-21",0.005
2017-03-22 00:00:00,0,2017,"2017-03-22",0
2017-03-22 12:00:00,0,2017,"2017-03-22",0
2017-03-23 00:00:00,0,2017,"2017-03-23",0
2017-03-23 12:00:00,1.27,2017,"2017-03-23",0.127
2017-03-24 00:00:00,0,2017,"2017-03-24",0
2017-03-24 12:00:00,0,2017,"2017-03-24",0
2017-03-25 00:00:00,0,2017,"2017-03-25",0
2017-03-25 12:00:00,0,2017,"2017-03-25",0
2017-03-26 00:00:00,0,2017,"2017-03-26",0
2017-03-26 12:00:00,0,2017,"2017-03-26",0
2017-03-27 00:00:00,0,2017,"2017-03-27",0
2017-03-27 12:00:00,0,2017,"2017-03-27",0
2017-03-28 00:00:00,0,2017,"2017-03-28",0
2017-03-28 12:00:00,0,2017,"2017-03-28",0
2017-03-29 00:00:00,0,2017,"2017-03-29",0
2017-03-29 12:00:00,0,2017,"2017-03-29",0
2017-03-30 00:00:00,0,2017,"2017-03-30",0
2017-03-30 12:00:00,0,2017,"2017-03-30",0
2017-03-31 00:00:00,0,2017,"2017-03-31",0
2017-03-31 12:00:00,0,2017,"2017-03-31",0
2017-04-01 00:00:00,0.09,2017,"2017-04-01",0.009
2017-04-01 12:00:00,0,2017,"2017-04-01",0
2017-04-02 00:00:00,0,2017,"2017-04-02",0
2017-04-02 12:00:00,0,2017,"2017-04-02",0
2017-04-03 00:00:00,0,2017,"2017-04-03",0
2017-04-03 12:00:00,0,2017,"2017-04-03",0
2017-04-04 00:00:00,0,2017,"2017-04-04",0
2017-04-04 12:00:00,0,2017,"2017-04-04",0
2017-04-05 00:00:00,0,2017,"2017-04-05",0
2017-04-05 12:00:00,0,2017,"2017-04-05",0
2017-04-06 00:00:00,0,2017,"2017-04-06",0
2017-04-06 12:00:00,0,2017,"2017-04-06",0
2017-04-07 00:00:00,0,2017,"2017-04-07",0
2017-04-07 12:00:00,0,2017,"2017-04-07",0
2017-04-08 00:00:00,0,2017,"2017-04-08",0
2017-04-08 12:00:00,0,2017,"2017-04-08",0
2017-04-09 00:00:00,0,2017,"2017-04-09",0
2017-04-09 12:00:00,0,2017,"2017-04-09",0
2017-04-10 00:00:00,0,2017,"2017-04-10",0
2017-04-10 12:00:00,0,2017,"2017-04-10",0
2017-04-11 00:00:00,0,2017,"2017-04-11",0
2017-04-11 12:00:00,0,2017,"2017-04-11",0
2017-04-12 00:00:00,0,2017,"2017-04-12",0
2017-04-12 12:00:00,0,2017,"2017-04-12",0
2017-04-13 00:00:00,0,2017,"2017-04-13",0
2017-04-13 12:00:00,0,2017,"2017-04-13",0
2017-04-14 00:00:00,0,2017,"2017-04-14",0
2017-04-14 12:00:00,0,2017,"2017-04-14",0
2017-04-15 00:00:00,0,2017,"2017-04-15",0
2017-04-15 12:00:00,0,2017,"2017-04-15",0
2017-04-16 00:00:00,0,2017,"2017-04-16",0
2017-04-16 12:00:00,0.11,2017,"2017-04-16",0.011
2017-04-17 00:00:00,0.03,2017,"2017-04-17",0.003
2017-04-17 12:00:00,0,2017,"2017-04-17",0
2017-04-18 00:00:00,3.18,2017,"2017-04-18",0.318
2017-04-18 12:00:00,0.03,2017,"2017-04-18",0.003
2017-04-19 00:00:00,0,2017,"2017-04-19",0
2017-04-19 12:00:00,0,2017,"2017-04-19",0
2017-04-20 00:00:00,1.25,2017,"2017-04-20",0.125
2017-04-20 12:00:00,0.18,2017,"2017-04-20",0.018
2017-04-21 00:00:00,0,2017,"2017-04-21",0
2017-04-21 12:00:00,0,2017,"2017-04-21",0
2017-04-22 00:00:00,0,2017,"2017-04-22",0
2017-04-22 12:00:00,0.24,2017,"2017-04-22",0.024
2017-04-23 00:00:00,0.22,2017,"2017-04-23",0.022
2017-04-23 12:00:00,0.3,2017,"2017-04-23",0.03
2017-04-24 00:00:00,0,2017,"2017-04-24",0
2017-04-24 12:00:00,0.15,2017,"2017-04-24",0.015
2017-04-25 00:00:00,0.03,2017,"2017-04-25",0.003
2017-04-25 12:00:00,0.15,2017,"2017-04-25",0.015
2017-04-26 00:00:00,1.17,2017,"2017-04-26",0.117
2017-04-26 12:00:00,0.12,2017,"2017-04-26",0.012
2017-04-27 00:00:00,0,2017,"2017-04-27",0
2017-04-27 12:00:00,0,2017,"2017-04-27",0
2017-04-28 00:00:00,0,2017,"2017-04-28",0
2017-04-28 12:00:00,0,2017,"2017-04-28",0
2017-04-29 00:00:00,0,2017,"2017-04-29",0
2017-04-29 12:00:00,0,2017,"2017-04-29",0
2017-04-30 00:00:00,0,2017,"2017-04-30",0
2017-04-30 12:00:00,0,2017,"2017-04-30",0
2017-05-01 00:00:00,0.58,2017,"2017-05-01",0.058
2017-05-01 12:00:00,1.01,2017,"2017-05-01",0.101
2017-05-02 00:00:00,0,2017,"2017-05-02",0
2017-05-02 12:00:00,0,2017,"2017-05-02",0
2017-05-03 00:00:00,0,2017,"2017-05-03",0
2017-05-03 12:00:00,0,2017,"2017-05-03",0
2017-05-04 00:00:00,0,2017,"2017-05-04",0
2017-05-04 12:00:00,0,2017,"2017-05-04",0
2017-05-05 00:00:00,0,2017,"2017-05-05",0
2017-05-05 12:00:00,0,2017,"2017-05-05",0
2017-05-06 00:00:00,0,2017,"2017-05-06",0
2017-05-06 12:00:00,0,2017,"2017-05-06",0
2017-05-07 00:00:00,0,2017,"2017-05-07",0
2017-05-07 12:00:00,0,2017,"2017-05-07",0
2017-05-08 00:00:00,0,2017,"2017-05-08",0
2017-05-08 12:00:00,0,2017,"2017-05-08",0
2017-05-09 00:00:00,0,2017,"2017-05-09",0
2017-05-09 12:00:00,0,2017,"2017-05-09",0
2017-05-10 00:00:00,0,2017,"2017-05-10",0
2017-05-10 12:00:00,0,2017,"2017-05-10",0
2017-05-11 00:00:00,0,2017,"2017-05-11",0
2017-05-11 12:00:00,0,2017,"2017-05-11",0
2017-05-12 00:00:00,0,2017,"2017-05-12",0
2017-05-12 12:00:00,0,2017,"2017-05-12",0
2017-05-13 00:00:00,0,2017,"2017-05-13",0
2017-05-13 12:00:00,0,2017,"2017-05-13",0
2017-05-14 00:00:00,0,2017,"2017-05-14",0
2017-05-14 12:00:00,0.03,2017,"2017-05-14",0.003
2017-05-15 00:00:00,0,2017,"2017-05-15",0
2017-05-15 12:00:00,0,2017,"2017-05-15",0
2017-05-16 00:00:00,0.24,2017,"2017-05-16",0.024
2017-05-16 12:00:00,0.51,2017,"2017-05-16",0.051
2017-05-17 00:00:00,0.03,2017,"2017-05-17",0.003
2017-05-17 12:00:00,0.14,2017,"2017-05-17",0.014
2017-05-18 00:00:00,0,2017,"2017-05-18",0
2017-05-18 12:00:00,0,2017,"2017-05-18",0
2017-05-19 00:00:00,0,2017,"2017-05-19",0
2017-05-19 12:00:00,0,2017,"2017-05-19",0
2017-05-20 00:00:00,0,2017,"2017-05-20",0
2017-05-20 12:00:00,0.88,2017,"2017-05-20",0.088
2017-05-21 00:00:00,0.09,2017,"2017-05-21",0.009
2017-05-21 12:00:00,0.09,2017,"2017-05-21",0.009
2017-05-22 00:00:00,0.06,2017,"2017-05-22",0.006
2017-05-22 12:00:00,0.3,2017,"2017-05-22",0.03
2017-05-23 00:00:00,0.09,2017,"2017-05-23",0.009
2017-05-23 12:00:00,0,2017,"2017-05-23",0
2017-05-24 00:00:00,0,2017,"2017-05-24",0
2017-05-24 12:00:00,0,2017,"2017-05-24",0
2017-05-25 00:00:00,0,2017,"2017-05-25",0
2017-05-25 12:00:00,0,2017,"2017-05-25",0
2017-05-26 00:00:00,0.25,2017,"2017-05-26",0.025
2017-05-26 12:00:00,0,2017,"2017-05-26",0
2017-05-27 00:00:00,0,2017,"2017-05-27",0
2017-05-27 12:00:00,0,2017,"2017-05-27",0
2017-05-28 00:00:00,0,2017,"2017-05-28",0
2017-05-28 12:00:00,1.08,2017,"2017-05-28",0.108
2017-05-29 00:00:00,0.11,2017,"2017-05-29",0.011
2017-05-29 12:00:00,0,2017,"2017-05-29",0
2017-05-30 00:00:00,0,2017,"2017-05-30",0
2017-05-30 12:00:00,0.03,2017,"2017-05-30",0.003
2017-05-31 00:00:00,0,2017,"2017-05-31",0
2017-05-31 12:00:00,0,2017,"2017-05-31",0
2017-06-01 00:00:00,0,2017,"2017-06-01",0
2017-06-01 12:00:00,0,2017,"2017-06-01",0
2017-06-02 00:00:00,0,2017,"2017-06-02",0
2017-06-02 12:00:00,0,2017,"2017-06-02",0
2017-06-03 00:00:00,0.38,2017,"2017-06-03",0.038
2017-06-03 12:00:00,0,2017,"2017-06-03",0
2017-06-04 00:00:00,0,2017,"2017-06-04",0
2017-06-04 12:00:00,0,2017,"2017-06-04",0
2017-06-05 00:00:00,0,2017,"2017-06-05",0
2017-06-05 12:00:00,0,2017,"2017-06-05",0
2017-06-06 00:00:00,0,2017,"2017-06-06",0
2017-06-06 12:00:00,0,2017,"2017-06-06",0
2017-06-07 00:00:00,0,2017,"2017-06-07",0
2017-06-07 12:00:00,0.61,2017,"2017-06-07",0.061
2017-06-08 00:00:00,0.03,2017,"2017-06-08",0.003
2017-06-08 12:00:00,0,2017,"2017-06-08",0
2017-06-09 00:00:00,0,2017,"2017-06-09",0
2017-06-09 12:00:00,0,2017,"2017-06-09",0
2017-06-10 00:00:00,0.18,2017,"2017-06-10",0.018
2017-06-10 12:00:00,0,2017,"2017-06-10",0
2017-06-11 00:00:00,0.7,2017,"2017-06-11",0.07
2017-06-11 12:00:00,0,2017,"2017-06-11",0
2017-06-12 00:00:00,0,2017,"2017-06-12",0
2017-06-12 12:00:00,0,2017,"2017-06-12",0
2017-06-13 00:00:00,1.5,2017,"2017-06-13",0.15
2017-06-13 12:00:00,1.69,2017,"2017-06-13",0.169
2017-06-14 00:00:00,0.88,2017,"2017-06-14",0.088
2017-06-14 12:00:00,0,2017,"2017-06-14",0
2017-06-15 00:00:00,0,2017,"2017-06-15",0
2017-06-15 12:00:00,0.03,2017,"2017-06-15",0.003
2017-06-16 00:00:00,0,2017,"2017-06-16",0
2017-06-16 12:00:00,0.15,2017,"2017-06-16",0.015
2017-06-17 00:00:00,0.03,2017,"2017-06-17",0.003
2017-06-17 12:00:00,0.61,2017,"2017-06-17",0.061
2017-06-18 00:00:00,0,2017,"2017-06-18",0
2017-06-18 12:00:00,0.32,2017,"2017-06-18",0.032
2017-06-19 00:00:00,0.03,2017,"2017-06-19",0.003
2017-06-19 12:00:00,0,2017,"2017-06-19",0
2017-06-20 00:00:00,0,2017,"2017-06-20",0
2017-06-20 12:00:00,0,2017,"2017-06-20",0
2017-06-21 00:00:00,0,2017,"2017-06-21",0
2017-06-21 12:00:00,0.99,2017,"2017-06-21",0.099
2017-06-22 00:00:00,0,2017,"2017-06-22",0
2017-06-22 12:00:00,0,2017,"2017-06-22",0
2017-06-23 00:00:00,0,2017,"2017-06-23",0
2017-06-23 12:00:00,0.13,2017,"2017-06-23",0.013
2017-06-24 00:00:00,0.09,2017,"2017-06-24",0.009
2017-06-24 12:00:00,0.09,2017,"2017-06-24",0.009
2017-06-25 00:00:00,1.09,2017,"2017-06-25",0.109
2017-06-25 12:00:00,0.06,2017,"2017-06-25",0.006
2017-06-26 00:00:00,0,2017,"2017-06-26",0
2017-06-26 12:00:00,0,2017,"2017-06-26",0
2017-06-27 00:00:00,0,2017,"2017-06-27",0
2017-06-27 12:00:00,0,2017,"2017-06-27",0
2017-06-28 00:00:00,0.09,2017,"2017-06-28",0.009
2017-06-28 12:00:00,0.62,2017,"2017-06-28",0.062
2017-06-29 00:00:00,0.12,2017,"2017-06-29",0.012
2017-06-29 12:00:00,0,2017,"2017-06-29",0
2017-06-30 00:00:00,0,2017,"2017-06-30",0
2017-06-30 12:00:00,0.06,2017,"2017-06-30",0.006
2017-07-01 00:00:00,0,2017,"2017-07-01",0
2017-07-01 12:00:00,0.06,2017,"2017-07-01",0.006
2017-07-02 00:00:00,0,2017,"2017-07-02",0
2017-07-02 12:00:00,0,2017,"2017-07-02",0
2017-07-03 00:00:00,0,2017,"2017-07-03",0
2017-07-03 12:00:00,0,2017,"2017-07-03",0
2017-07-04 00:00:00,0,2017,"2017-07-04",0
2017-07-04 12:00:00,0,2017,"2017-07-04",0
2017-07-05 00:00:00,0,2017,"2017-07-05",0
2017-07-05 12:00:00,0,2017,"2017-07-05",0
2017-07-06 00:00:00,0.82,2017,"2017-07-06",0.082
2017-07-06 12:00:00,0,2017,"2017-07-06",0
2017-07-07 00:00:00,0,2017,"2017-07-07",0
2017-07-07 12:00:00,0,2017,"2017-07-07",0
2017-07-08 00:00:00,0,2017,"2017-07-08",0
2017-07-08 12:00:00,0,2017,"2017-07-08",0
2017-07-09 00:00:00,0.03,2017,"2017-07-09",0.003
2017-07-09 12:00:00,0,2017,"2017-07-09",0
2017-07-10 00:00:00,0,2017,"2017-07-10",0
2017-07-10 12:00:00,0,2017,"2017-07-10",0
2017-07-11 00:00:00,0,2017,"2017-07-11",0
2017-07-11 12:00:00,0.28,2017,"2017-07-11",0.028
2017-07-12 00:00:00,0,2017,"2017-07-12",0
2017-07-12 12:00:00,0.31,2017,"2017-07-12",0.031
2017-07-13 00:00:00,0.06,2017,"2017-07-13",0.006
2017-07-13 12:00:00,0,2017,"2017-07-13",0
2017-07-14 00:00:00,0,2017,"2017-07-14",0
2017-07-14 12:00:00,0,2017,"2017-07-14",0
2017-07-15 00:00:00,0,2017,"2017-07-15",0
2017-07-15 12:00:00,0,2017,"2017-07-15",0
2017-07-16 00:00:00,0,2017,"2017-07-16",0
2017-07-16 12:00:00,0,2017,"2017-07-16",0
2017-07-17 00:00:00,0,2017,"2017-07-17",0
2017-07-17 12:00:00,0.67,2017,"2017-07-17",0.067
2017-07-18 00:00:00,0.23,2017,"2017-07-18",0.023
2017-07-18 12:00:00,0,2017,"2017-07-18",0
2017-07-19 00:00:00,0,2017,"2017-07-19",0
2017-07-19 12:00:00,0,2017,"2017-07-19",0
2017-07-20 00:00:00,0,2017,"2017-07-20",0
2017-07-20 12:00:00,0,2017,"2017-07-20",0
2017-07-21 00:00:00,0,2017,"2017-07-21",0
2017-07-21 12:00:00,2.58,2017,"2017-07-21",0.258
2017-07-22 00:00:00,0,2017,"2017-07-22",0
2017-07-22 12:00:00,0,2017,"2017-07-22",0
2017-07-23 00:00:00,0,2017,"2017-07-23",0
2017-07-23 12:00:00,0,2017,"2017-07-23",0
2017-07-24 00:00:00,0,2017,"2017-07-24",0
2017-07-24 12:00:00,0,2017,"2017-07-24",0
2017-07-25 00:00:00,0,2017,"2017-07-25",0
2017-07-25 12:00:00,0,2017,"2017-07-25",0
2017-07-26 00:00:00,0,2017,"2017-07-26",0
2017-07-26 12:00:00,0,2017,"2017-07-26",0
2017-07-27 00:00:00,0,2017,"2017-07-27",0
2017-07-27 12:00:00,0,2017,"2017-07-27",0
2017-07-28 00:00:00,0,2017,"2017-07-28",0
2017-07-28 12:00:00,0,2017,"2017-07-28",0
2017-07-29 00:00:00,0,2017,"2017-07-29",0
2017-07-29 12:00:00,0,2017,"2017-07-29",0
2017-07-30 00:00:00,0,2017,"2017-07-30",0
2017-07-30 12:00:00,0,2017,"2017-07-30",0
2017-07-31 00:00:00,0,2017,"2017-07-31",0
2017-07-31 12:00:00,0,2017,"2017-07-31",0
2017-08-01 00:00:00,0,2017,"2017-08-01",0
2017-08-01 12:00:00,0,2017,"2017-08-01",0
2017-08-02 00:00:00,0,2017,"2017-08-02",0
2017-08-02 12:00:00,0,2017,"2017-08-02",0
2017-08-03 00:00:00,0.18,2017,"2017-08-03",0.018
2017-08-03 12:00:00,0.37,2017,"2017-08-03",0.037
2017-08-04 00:00:00,0.03,2017,"2017-08-04",0.003
2017-08-04 12:00:00,0.52,2017,"2017-08-04",0.052
2017-08-05 00:00:00,0,2017,"2017-08-05",0
2017-08-05 12:00:00,0.51,2017,"2017-08-05",0.051
2017-08-06 00:00:00,0,2017,"2017-08-06",0
2017-08-06 12:00:00,0,2017,"2017-08-06",0
2017-08-07 00:00:00,0,2017,"2017-08-07",0
2017-08-07 12:00:00,0,2017,"2017-08-07",0
2017-08-08 00:00:00,0,2017,"2017-08-08",0
2017-08-08 12:00:00,0,2017,"2017-08-08",0
2017-08-09 00:00:00,0,2017,"2017-08-09",0
2017-08-09 12:00:00,1.78,2017,"2017-08-09",0.178
2017-08-10 00:00:00,0.34,2017,"2017-08-10",0.034
2017-08-10 12:00:00,0,2017,"2017-08-10",0
2017-08-11 00:00:00,0,2017,"2017-08-11",0
2017-08-11 12:00:00,0,2017,"2017-08-11",0
2017-08-12 00:00:00,0,2017,"2017-08-12",0
2017-08-12 12:00:00,0,2017,"2017-08-12",0
2017-08-13 00:00:00,0,2017,"2017-08-13",0
2017-08-13 12:00:00,0.03,2017,"2017-08-13",0.003
2017-08-14 00:00:00,0.06,2017,"2017-08-14",0.006
2017-08-14 12:00:00,0,2017,"2017-08-14",0
2017-08-15 00:00:00,0,2017,"2017-08-15",0
2017-08-15 12:00:00,0,2017,"2017-08-15",0
2017-08-16 00:00:00,0,2017,"2017-08-16",0
2017-08-16 12:00:00,0.97,2017,"2017-08-16",0.097
2017-08-17 00:00:00,2.22,2017,"2017-08-17",0.222
2017-08-17 12:00:00,0,2017,"2017-08-17",0
2017-08-18 00:00:00,0,2017,"2017-08-18",0
2017-08-18 12:00:00,0,2017,"2017-08-18",0
2017-08-19 00:00:00,0,2017,"2017-08-19",0
2017-08-19 12:00:00,0,2017,"2017-08-19",0
2017-08-20 00:00:00,0,2017,"2017-08-20",0
2017-08-20 12:00:00,0,2017,"2017-08-20",0
2017-08-21 00:00:00,0,2017,"2017-08-21",0
2017-08-21 12:00:00,0.06,2017,"2017-08-21",0.006
2017-08-22 00:00:00,0,2017,"2017-08-22",0
2017-08-22 12:00:00,0,2017,"2017-08-22",0
2017-08-23 00:00:00,0,2017,"2017-08-23",0
2017-08-23 12:00:00,0.43,2017,"2017-08-23",0.043
2017-08-24 00:00:00,0,2017,"2017-08-24",0
2017-08-24 12:00:00,0,2017,"2017-08-24",0
2017-08-25 00:00:00,0,2017,"2017-08-25",0
2017-08-25 12:00:00,0,2017,"2017-08-25",0
2017-08-26 00:00:00,0.51,2017,"2017-08-26",0.051
2017-08-26 12:00:00,1.41,2017,"2017-08-26",0.141
2017-08-27 00:00:00,0.06,2017,"2017-08-27",0.006
2017-08-27 12:00:00,0.06,2017,"2017-08-27",0.006
2017-08-28 00:00:00,0,2017,"2017-08-28",0
2017-08-28 12:00:00,0,2017,"2017-08-28",0
2017-08-29 00:00:00,0,2017,"2017-08-29",0
2017-08-29 12:00:00,0,2017,"2017-08-29",0
2017-08-30 00:00:00,0,2017,"2017-08-30",0
2017-08-30 12:00:00,0,2017,"2017-08-30",0
2017-08-31 00:00:00,0,2017,"2017-08-31",0
2017-08-31 12:00:00,0,2017,"2017-08-31",0
2017-09-01 00:00:00,0,2017,"2017-09-01",0
2017-09-01 12:00:00,0.47,2017,"2017-09-01",0.047
2017-09-02 00:00:00,0.44,2017,"2017-09-02",0.044
2017-09-02 12:00:00,0,2017,"2017-09-02",0
2017-09-03 00:00:00,0,2017,"2017-09-03",0
2017-09-03 12:00:00,0,2017,"2017-09-03",0
2017-09-04 00:00:00,0.05,2017,"2017-09-04",0.005
2017-09-04 12:00:00,0.31,2017,"2017-09-04",0.031
2017-09-05 00:00:00,0.08,2017,"2017-09-05",0.008
2017-09-05 12:00:00,0,2017,"2017-09-05",0
2017-09-06 00:00:00,0,2017,"2017-09-06",0
2017-09-06 12:00:00,0,2017,"2017-09-06",0
2017-09-07 00:00:00,0,2017,"2017-09-07",0
2017-09-07 12:00:00,0,2017,"2017-09-07",0
2017-09-08 00:00:00,0,2017,"2017-09-08",0
2017-09-08 12:00:00,0,2017,"2017-09-08",0
2017-09-09 00:00:00,0,2017,"2017-09-09",0
2017-09-09 12:00:00,0,2017,"2017-09-09",0
2017-09-10 00:00:00,0,2017,"2017-09-10",0
2017-09-10 12:00:00,0,2017,"2017-09-10",0
2017-09-11 00:00:00,0,2017,"2017-09-11",0
2017-09-11 12:00:00,0,2017,"2017-09-11",0
2017-09-12 00:00:00,0,2017,"2017-09-12",0
2017-09-12 12:00:00,0,2017,"2017-09-12",0
2017-09-13 00:00:00,0,2017,"2017-09-13",0
2017-09-13 12:00:00,0,2017,"2017-09-13",0
2017-09-14 00:00:00,0,2017,"2017-09-14",0
2017-09-14 12:00:00,1.69,2017,"2017-09-14",0.169
2017-09-15 00:00:00,0.03,2017,"2017-09-15",0.003
2017-09-15 12:00:00,1.77,2017,"2017-09-15",0.177
2017-09-16 00:00:00,0.03,2017,"2017-09-16",0.003
2017-09-16 12:00:00,0.15,2017,"2017-09-16",0.015
2017-09-17 00:00:00,0,2017,"2017-09-17",0
2017-09-17 12:00:00,0,2017,"2017-09-17",0
2017-09-18 00:00:00,0,2017,"2017-09-18",0
2017-09-18 12:00:00,0,2017,"2017-09-18",0
2017-09-19 00:00:00,0,2017,"2017-09-19",0
2017-09-19 12:00:00,0,2017,"2017-09-19",0
2017-09-20 00:00:00,1.46,2017,"2017-09-20",0.146
2017-09-20 12:00:00,0,2017,"2017-09-20",0
2017-09-21 00:00:00,0,2017,"2017-09-21",0
2017-09-21 12:00:00,0,2017,"2017-09-21",0
2017-09-22 00:00:00,0.08,2017,"2017-09-22",0.008
2017-09-22 12:00:00,0,2017,"2017-09-22",0
2017-09-23 00:00:00,0.2,2017,"2017-09-23",0.02
2017-09-23 12:00:00,0.27,2017,"2017-09-23",0.027
2017-09-24 00:00:00,0.95,2017,"2017-09-24",0.095
2017-09-24 12:00:00,0.66,2017,"2017-09-24",0.066
2017-09-25 00:00:00,0,2017,"2017-09-25",0
2017-09-25 12:00:00,0,2017,"2017-09-25",0
2017-09-26 00:00:00,1.32,2017,"2017-09-26",0.132
2017-09-26 12:00:00,0.12,2017,"2017-09-26",0.012
2017-09-27 00:00:00,0,2017,"2017-09-27",0
2017-09-27 12:00:00,0,2017,"2017-09-27",0
2017-09-28 00:00:00,0.09,2017,"2017-09-28",0.009
2017-09-28 12:00:00,0.09,2017,"2017-09-28",0.009
2017-09-29 00:00:00,0,2017,"2017-09-29",0
2017-09-29 12:00:00,0,2017,"2017-09-29",0
2017-09-30 00:00:00,0,2017,"2017-09-30",0
2017-09-30 12:00:00,0,2017,"2017-09-30",0
2017-10-01 00:00:00,0.68,2017,"2017-10-01",0.068
2017-10-01 12:00:00,0.12,2017,"2017-10-01",0.012
2017-10-02 00:00:00,0.73,2017,"2017-10-02",0.073
2017-10-02 12:00:00,0.03,2017,"2017-10-02",0.003
2017-10-03 00:00:00,0.95,2017,"2017-10-03",0.095
2017-10-03 12:00:00,0.09,2017,"2017-10-03",0.009
2017-10-04 00:00:00,0,2017,"2017-10-04",0
2017-10-04 12:00:00,0,2017,"2017-10-04",0
2017-10-05 00:00:00,0,2017,"2017-10-05",0
2017-10-05 12:00:00,0,2017,"2017-10-05",0
2017-10-06 00:00:00,0,2017,"2017-10-06",0
2017-10-06 12:00:00,0,2017,"2017-10-06",0
2017-10-07 00:00:00,0,2017,"2017-10-07",0
2017-10-07 12:00:00,0,2017,"2017-10-07",0
2017-10-08 00:00:00,0,2017,"2017-10-08",0
2017-10-08 12:00:00,0,2017,"2017-10-08",0
2017-10-09 00:00:00,0,2017,"2017-10-09",0
2017-10-09 12:00:00,0,2017,"2017-10-09",0
2017-10-10 00:00:00,0,2017,"2017-10-10",0
2017-10-10 12:00:00,0,2017,"2017-10-10",0
2017-10-11 00:00:00,0,2017,"2017-10-11",0
2017-10-11 12:00:00,0,2017,"2017-10-11",0
2017-10-12 00:00:00,0,2017,"2017-10-12",0
2017-10-12 12:00:00,0,2017,"2017-10-12",0
2017-10-13 00:00:00,0,2017,"2017-10-13",0
2017-10-13 12:00:00,0,2017,"2017-10-13",0
2017-10-14 00:00:00,0,2017,"2017-10-14",0
2017-10-14 12:00:00,0.4,2017,"2017-10-14",0.04
2017-10-15 00:00:00,0.09,2017,"2017-10-15",0.009
2017-10-15 12:00:00,0,2017,"2017-10-15",0
2017-10-16 00:00:00,0,2017,"2017-10-16",0
2017-10-16 12:00:00,0,2017,"2017-10-16",0
2017-10-17 00:00:00,0,2017,"2017-10-17",0
2017-10-17 12:00:00,0,2017,"2017-10-17",0
2017-10-18 00:00:00,0,2017,"2017-10-18",0
2017-10-18 12:00:00,0,2017,"2017-10-18",0
2017-10-19 00:00:00,0,2017,"2017-10-19",0
2017-10-19 12:00:00,0,2017,"2017-10-19",0
2017-10-20 00:00:00,0,2017,"2017-10-20",0
2017-10-20 12:00:00,0,2017,"2017-10-20",0
2017-10-21 00:00:00,0,2017,"2017-10-21",0
2017-10-21 12:00:00,1.2,2017,"2017-10-21",0.12
2017-10-22 00:00:00,0,2017,"2017-10-22",0
2017-10-22 12:00:00,0,2017,"2017-10-22",0
2017-10-23 00:00:00,0.06,2017,"2017-10-23",0.006
2017-10-23 12:00:00,0.09,2017,"2017-10-23",0.009
2017-10-24 00:00:00,0,2017,"2017-10-24",0
2017-10-24 12:00:00,0,2017,"2017-10-24",0
2017-10-25 00:00:00,0,2017,"2017-10-25",0
2017-10-25 12:00:00,0,2017,"2017-10-25",0
2017-10-26 00:00:00,0.03,2017,"2017-10-26",0.003
2017-10-26 12:00:00,0.92,2017,"2017-10-26",0.092
2017-10-27 00:00:00,0.45,2017,"2017-10-27",0.045
2017-10-27 12:00:00,0.09,2017,"2017-10-27",0.009
2017-10-28 00:00:00,0,2017,"2017-10-28",0
2017-10-28 12:00:00,0,2017,"2017-10-28",0
2017-10-29 00:00:00,0,2017,"2017-10-29",0
2017-10-29 12:00:00,0.11,2017,"2017-10-29",0.011
2017-10-30 00:00:00,0.24,2017,"2017-10-30",0.024
2017-10-30 12:00:00,0.41,2017,"2017-10-30",0.041
2017-10-31 00:00:00,0.03,2017,"2017-10-31",0.003
2017-10-31 12:00:00,0,2017,"2017-10-31",0
2017-11-01 00:00:00,0.61,2017,"2017-11-01",0.061
2017-11-01 12:00:00,0.63,2017,"2017-11-01",0.063
2017-11-02 00:00:00,0.03,2017,"2017-11-02",0.003
2017-11-02 12:00:00,0,2017,"2017-11-02",0
2017-11-03 00:00:00,0,2017,"2017-11-03",0
2017-11-03 12:00:00,0.24,2017,"2017-11-03",0.024
2017-11-04 00:00:00,0.53,2017,"2017-11-04",0.053
2017-11-04 12:00:00,0.57,2017,"2017-11-04",0.057
2017-11-05 00:00:00,0,2017,"2017-11-05",0
2017-11-05 12:00:00,0,2017,"2017-11-05",0
2017-11-06 00:00:00,0,2017,"2017-11-06",0
2017-11-06 12:00:00,0,2017,"2017-11-06",0
2017-11-07 00:00:00,0,2017,"2017-11-07",0
2017-11-07 12:00:00,0,2017,"2017-11-07",0
2017-11-08 00:00:00,0,2017,"2017-11-08",0
2017-11-08 12:00:00,0.21,2017,"2017-11-08",0.021
2017-11-09 00:00:00,0.06,2017,"2017-11-09",0.006
2017-11-09 12:00:00,0,2017,"2017-11-09",0
2017-11-10 00:00:00,0,2017,"2017-11-10",0
2017-11-10 12:00:00,0,2017,"2017-11-10",0
2017-11-11 00:00:00,0,2017,"2017-11-11",0
2017-11-11 12:00:00,0,2017,"2017-11-11",0
2017-11-12 00:00:00,0,2017,"2017-11-12",0
2017-11-12 12:00:00,0,2017,"2017-11-12",0
2017-11-13 00:00:00,0,2017,"2017-11-13",0
2017-11-13 12:00:00,0,2017,"2017-11-13",0
2017-11-14 00:00:00,0,2017,"2017-11-14",0
2017-11-14 12:00:00,0,2017,"2017-11-14",0
2017-11-15 00:00:00,0.03,2017,"2017-11-15",0.003
2017-11-15 12:00:00,0,2017,"2017-11-15",0
2017-11-16 00:00:00,0,2017,"2017-11-16",0
2017-11-16 12:00:00,0,2017,"2017-11-16",0
2017-11-17 00:00:00,0.2,2017,"2017-11-17",0.02
2017-11-17 12:00:00,0,2017,"2017-11-17",0
2017-11-18 00:00:00,0,2017,"2017-11-18",0
2017-11-18 12:00:00,0,2017,"2017-11-18",0
2017-11-19 00:00:00,0,2017,"2017-11-19",0
2017-11-19 12:00:00,0,2017,"2017-11-19",0
2017-11-20 00:00:00,0,2017,"2017-11-20",0
2017-11-20 12:00:00,0,2017,"2017-11-20",0
2017-11-21 00:00:00,0,2017,"2017-11-21",0
2017-11-21 12:00:00,0,2017,"2017-11-21",0
2017-11-22 00:00:00,0,2017,"2017-11-22",0
2017-11-22 12:00:00,0.18,2017,"2017-11-22",0.018
2017-11-23 00:00:00,0,2017,"2017-11-23",0
2017-11-23 12:00:00,0,2017,"2017-11-23",0
2017-11-24 00:00:00,0.08,2017,"2017-11-24",0.008
2017-11-24 12:00:00,0,2017,"2017-11-24",0
2017-11-25 00:00:00,0,2017,"2017-11-25",0
2017-11-25 12:00:00,0,2017,"2017-11-25",0
2017-11-26 00:00:00,0,2017,"2017-11-26",0
2017-11-26 12:00:00,0,2017,"2017-11-26",0
2017-11-27 00:00:00,0,2017,"2017-11-27",0
2017-11-27 12:00:00,0,2017,"2017-11-27",0
2017-11-28 00:00:00,0,2017,"2017-11-28",0
2017-11-28 12:00:00,0,2017,"2017-11-28",0
2017-11-29 00:00:00,0,2017,"2017-11-29",0
2017-11-29 12:00:00,0,2017,"2017-11-29",0
2017-11-30 00:00:00,0,2017,"2017-11-30",0
2017-11-30 12:00:00,0,2017,"2017-11-30",0
2017-12-01 00:00:00,0,2017,"2017-12-01",0
2017-12-01 12:00:00,0,2017,"2017-12-01",0
2017-12-02 00:00:00,0,2017,"2017-12-02",0
2017-12-02 12:00:00,0,2017,"2017-12-02",0
2017-12-03 00:00:00,0,2017,"2017-12-03",0
2017-12-03 12:00:00,0,2017,"2017-12-03",0
2017-12-04 00:00:00,0,2017,"2017-12-04",0
2017-12-04 12:00:00,1.08,2017,"2017-12-04",0.108
2017-12-05 00:00:00,0.06,2017,"2017-12-05",0.006
2017-12-05 12:00:00,0.12,2017,"2017-12-05",0.012
2017-12-06 00:00:00,0.06,2017,"2017-12-06",0.006
2017-12-06 12:00:00,0,2017,"2017-12-06",0
2017-12-07 00:00:00,0,2017,"2017-12-07",0
2017-12-07 12:00:00,0,2017,"2017-12-07",0
2017-12-08 00:00:00,0,2017,"2017-12-08",0
2017-12-08 12:00:00,0.15,2017,"2017-12-08",0.015
2017-12-09 00:00:00,0,2017,"2017-12-09",0
2017-12-09 12:00:00,0,2017,"2017-12-09",0
2017-12-10 00:00:00,0,2017,"2017-12-10",0
2017-12-10 12:00:00,0,2017,"2017-12-10",0
2017-12-11 00:00:00,0.43,2017,"2017-12-11",0.043
2017-12-11 12:00:00,0,2017,"2017-12-11",0
2017-12-12 00:00:00,0,2017,"2017-12-12",0
2017-12-12 12:00:00,0.06,2017,"2017-12-12",0.006
2017-12-13 00:00:00,0,2017,"2017-12-13",0
2017-12-13 12:00:00,0,2017,"2017-12-13",0
2017-12-14 00:00:00,0.03,2017,"2017-12-14",0.003
2017-12-14 12:00:00,0,2017,"2017-12-14",0
2017-12-15 00:00:00,0,2017,"2017-12-15",0
2017-12-15 12:00:00,0.06,2017,"2017-12-15",0.006
2017-12-16 00:00:00,0,2017,"2017-12-16",0
2017-12-16 12:00:00,0,2017,"2017-12-16",0
2017-12-17 00:00:00,0,2017,"2017-12-17",0
2017-12-17 12:00:00,0,2017,"2017-12-17",0
2017-12-18 00:00:00,0,2017,"2017-12-18",0
2017-12-18 12:00:00,0.43,2017,"2017-12-18",0.043
2017-12-19 00:00:00,0,2017,"2017-12-19",0
2017-12-19 12:00:00,0,2017,"2017-12-19",0
2017-12-20 00:00:00,0,2017,"2017-12-20",0
2017-12-20 12:00:00,0.24,2017,"2017-12-20",0.024
2017-12-21 00:00:00,0.06,2017,"2017-12-21",0.006
2017-12-21 12:00:00,0,2017,"2017-12-21",0
2017-12-22 00:00:00,0,2017,"2017-12-22",0
2017-12-22 12:00:00,0.03,2017,"2017-12-22",0.003
2017-12-23 00:00:00,0,2017,"2017-12-23",0
2017-12-23 12:00:00,0.06,2017,"2017-12-23",0.006
2017-12-24 00:00:00,0.06,2017,"2017-12-24",0.006
2017-12-24 12:00:00,0,2017,"2017-12-24",0
2017-12-25 00:00:00,0,2017,"2017-12-25",0
2017-12-25 12:00:00,0,2017,"2017-12-25",0
2017-12-26 00:00:00,0,2017,"2017-12-26",0
2017-12-26 12:00:00,0,2017,"2017-12-26",0
2017-12-27 00:00:00,0,2017,"2017-12-27",0
2017-12-27 12:00:00,0,2017,"2017-12-27",0
2017-12-28 00:00:00,0.06,2017,"2017-12-28",0.006
2017-12-28 12:00:00,0,2017,"2017-12-28",0
2017-12-29 00:00:00,0,2017,"2017-12-29",0
2017-12-29 12:00:00,0,2017,"2017-12-29",0
2017-12-30 00:00:00,0,2017,"2017-12-30",0
2017-12-30 12:00:00,0,2017,"2017-12-30",0
2017-12-31 00:00:00,0,2017,"2017-12-31",0
2017-12-31 12:00:00,0,2017,"2017-12-31",0
2018-01-01 00:00:00,0,2018,"2018-01-01",0
2018-01-01 12:00:00,0,2018,"2018-01-01",0
2018-01-02 00:00:00,0,2018,"2018-01-02",0
2018-01-02 12:00:00,0,2018,"2018-01-02",0
2018-01-03 00:00:00,0,2018,"2018-01-03",0
2018-01-03 12:00:00,0,2018,"2018-01-03",0
2018-01-04 00:00:00,0,2018,"2018-01-04",0
2018-01-04 12:00:00,0,2018,"2018-01-04",0
2018-01-05 00:00:00,0,2018,"2018-01-05",0
2018-01-05 12:00:00,0,2018,"2018-01-05",0
2018-01-06 00:00:00,0,2018,"2018-01-06",0
2018-01-06 12:00:00,0.06,2018,"2018-01-06",0.006
2018-01-07 00:00:00,0,2018,"2018-01-07",0
2018-01-07 12:00:00,0,2018,"2018-01-07",0
2018-01-08 00:00:00,0,2018,"2018-01-08",0
2018-01-08 12:00:00,0,2018,"2018-01-08",0
2018-01-09 00:00:00,0,2018,"2018-01-09",0
2018-01-09 12:00:00,0,2018,"2018-01-09",0
2018-01-10 00:00:00,0,2018,"2018-01-10",0
2018-01-10 12:00:00,0.83,2018,"2018-01-10",0.083
2018-01-11 00:00:00,1.41,2018,"2018-01-11",0.141
2018-01-11 12:00:00,0,2018,"2018-01-11",0
2018-01-12 00:00:00,0,2018,"2018-01-12",0
2018-01-12 12:00:00,0,2018,"2018-01-12",0
2018-01-13 00:00:00,0,2018,"2018-01-13",0
2018-01-13 12:00:00,0,2018,"2018-01-13",0
2018-01-14 00:00:00,0.03,2018,"2018-01-14",0.003
2018-01-14 12:00:00,0.45,2018,"2018-01-14",0.045
2018-01-15 00:00:00,0.06,2018,"2018-01-15",0.006
2018-01-15 12:00:00,0,2018,"2018-01-15",0
2018-01-16 00:00:00,0,2018,"2018-01-16",0
2018-01-16 12:00:00,0,2018,"2018-01-16",0
2018-01-17 00:00:00,0,2018,"2018-01-17",0
2018-01-17 12:00:00,0,2018,"2018-01-17",0
2018-01-18 00:00:00,0,2018,"2018-01-18",0
2018-01-18 12:00:00,0,2018,"2018-01-18",0
2018-01-19 00:00:00,0,2018,"2018-01-19",0
2018-01-19 12:00:00,0,2018,"2018-01-19",0
2018-01-20 00:00:00,0,2018,"2018-01-20",0
2018-01-20 12:00:00,0,2018,"2018-01-20",0
2018-01-21 00:00:00,0,2018,"2018-01-21",0
2018-01-21 12:00:00,0,2018,"2018-01-21",0
2018-01-22 00:00:00,0,2018,"2018-01-22",0
2018-01-22 12:00:00,0,2018,"2018-01-22",0
2018-01-23 00:00:00,0,2018,"2018-01-23",0
2018-01-23 12:00:00,0,2018,"2018-01-23",0
2018-01-24 00:00:00,0,2018,"2018-01-24",0
2018-01-24 12:00:00,0,2018,"2018-01-24",0
2018-01-25 00:00:00,0,2018,"2018-01-25",0
2018-01-25 12:00:00,0,2018,"2018-01-25",0
2018-01-26 00:00:00,0,2018,"2018-01-26",0
2018-01-26 12:00:00,0,2018,"2018-01-26",0
2018-01-27 00:00:00,0,2018,"2018-01-27",0
2018-01-27 12:00:00,0.03,2018,"2018-01-27",0.003
2018-01-28 00:00:00,0,2018,"2018-01-28",0
2018-01-28 12:00:00,0,2018,"2018-01-28",0
2018-01-29 00:00:00,0,2018,"2018-01-29",0
2018-01-29 12:00:00,0,2018,"2018-01-29",0
2018-01-30 00:00:00,0.03,2018,"2018-01-30",0.003
2018-01-30 12:00:00,0.28,2018,"2018-01-30",0.028
2018-01-31 00:00:00,0,2018,"2018-01-31",0
2018-01-31 12:00:00,0,2018,"2018-01-31",0
2018-02-01 00:00:00,0,2018,"2018-02-01",0
2018-02-01 12:00:00,0,2018,"2018-02-01",0
2018-02-02 00:00:00,0,2018,"2018-02-02",0
2018-02-02 12:00:00,0.06,2018,"2018-02-02",0.006
2018-02-03 00:00:00,0.12,2018,"2018-02-03",0.012
2018-02-03 12:00:00,0.06,2018,"2018-02-03",0.006
2018-02-04 00:00:00,0,2018,"2018-02-04",0
2018-02-04 12:00:00,0,2018,"2018-02-04",0
2018-02-05 00:00:00,0,2018,"2018-02-05",0
2018-02-05 12:00:00,0,2018,"2018-02-05",0
2018-02-06 00:00:00,0,2018,"2018-02-06",0
2018-02-06 12:00:00,0.03,2018,"2018-02-06",0.003
2018-02-07 00:00:00,0,2018,"2018-02-07",0
2018-02-07 12:00:00,0,2018,"2018-02-07",0
2018-02-08 00:00:00,0,2018,"2018-02-08",0
2018-02-08 12:00:00,0,2018,"2018-02-08",0
2018-02-09 00:00:00,0,2018,"2018-02-09",0
2018-02-09 12:00:00,0,2018,"2018-02-09",0
2018-02-10 00:00:00,0,2018,"2018-02-10",0
2018-02-10 12:00:00,0,2018,"2018-02-10",0
2018-02-11 00:00:00,0,2018,"2018-02-11",0
2018-02-11 12:00:00,0,2018,"2018-02-11",0
2018-02-12 00:00:00,0,2018,"2018-02-12",0
2018-02-12 12:00:00,0,2018,"2018-02-12",0
2018-02-13 00:00:00,0,2018,"2018-02-13",0
2018-02-13 12:00:00,0,2018,"2018-02-13",0
2018-02-14 00:00:00,0,2018,"2018-02-14",0
2018-02-14 12:00:00,0,2018,"2018-02-14",0
2018-02-15 00:00:00,0,2018,"2018-02-15",0
2018-02-15 12:00:00,0,2018,"2018-02-15",0
2018-02-16 00:00:00,0,2018,"2018-02-16",0
2018-02-16 12:00:00,0,2018,"2018-02-16",0
2018-02-17 00:00:00,0,2018,"2018-02-17",0
2018-02-17 12:00:00,0,2018,"2018-02-17",0
2018-02-18 00:00:00,0.8,2018,"2018-02-18",0.08
2018-02-18 12:00:00,0.49,2018,"2018-02-18",0.049
2018-02-19 00:00:00,0,2018,"2018-02-19",0
2018-02-19 12:00:00,0.18,2018,"2018-02-19",0.018
2018-02-20 00:00:00,1,2018,"2018-02-20",0.1
2018-02-20 12:00:00,0,2018,"2018-02-20",0
2018-02-21 00:00:00,0,2018,"2018-02-21",0
2018-02-21 12:00:00,0,2018,"2018-02-21",0
2018-02-22 00:00:00,0,2018,"2018-02-22",0
2018-02-22 12:00:00,0.15,2018,"2018-02-22",0.015
2018-02-23 00:00:00,0.93,2018,"2018-02-23",0.093
2018-02-23 12:00:00,0,2018,"2018-02-23",0
2018-02-24 00:00:00,0,2018,"2018-02-24",0
2018-02-24 12:00:00,1,2018,"2018-02-24",0.1
2018-02-25 00:00:00,0.26,2018,"2018-02-25",0.026
2018-02-25 12:00:00,0,2018,"2018-02-25",0
2018-02-26 00:00:00,0,2018,"2018-02-26",0
2018-02-26 12:00:00,0,2018,"2018-02-26",0
2018-02-27 00:00:00,0,2018,"2018-02-27",0
2018-02-27 12:00:00,0,2018,"2018-02-27",0
2018-02-28 00:00:00,0,2018,"2018-02-28",0
2018-02-28 12:00:00,0,2018,"2018-02-28",0
2018-03-01 00:00:00,0,2018,"2018-03-01",0
2018-03-01 12:00:00,0,2018,"2018-03-01",0
2018-03-02 00:00:00,0,2018,"2018-03-02",0
2018-03-02 12:00:00,0,2018,"2018-03-02",0
2018-03-03 00:00:00,0,2018,"2018-03-03",0
2018-03-03 12:00:00,0,2018,"2018-03-03",0
2018-03-04 00:00:00,0,2018,"2018-03-04",0
2018-03-04 12:00:00,0,2018,"2018-03-04",0
2018-03-05 00:00:00,0,2018,"2018-03-05",0
2018-03-05 12:00:00,0,2018,"2018-03-05",0
2018-03-06 00:00:00,0,2018,"2018-03-06",0
2018-03-06 12:00:00,0,2018,"2018-03-06",0
2018-03-07 00:00:00,0,2018,"2018-03-07",0
2018-03-07 12:00:00,0,2018,"2018-03-07",0
2018-03-08 00:00:00,0,2018,"2018-03-08",0
2018-03-08 12:00:00,0,2018,"2018-03-08",0
2018-03-09 00:00:00,0,2018,"2018-03-09",0
2018-03-09 12:00:00,0,2018,"2018-03-09",0
2018-03-10 00:00:00,0,2018,"2018-03-10",0
2018-03-10 12:00:00,0,2018,"2018-03-10",0
2018-03-11 00:00:00,0.03,2018,"2018-03-11",0.003
2018-03-11 12:00:00,0,2018,"2018-03-11",0
2018-03-12 00:00:00,0,2018,"2018-03-12",0
2018-03-12 12:00:00,0,2018,"2018-03-12",0
2018-03-13 00:00:00,0,2018,"2018-03-13",0
2018-03-13 12:00:00,0,2018,"2018-03-13",0
2018-03-14 00:00:00,0,2018,"2018-03-14",0
2018-03-14 12:00:00,0,2018,"2018-03-14",0
2018-03-15 00:00:00,0,2018,"2018-03-15",0
2018-03-15 12:00:00,0,2018,"2018-03-15",0
2018-03-16 00:00:00,0,2018,"2018-03-16",0
2018-03-16 12:00:00,0,2018,"2018-03-16",0
2018-03-17 00:00:00,0,2018,"2018-03-17",0
2018-03-17 12:00:00,0,2018,"2018-03-17",0
2018-03-18 00:00:00,0,2018,"2018-03-18",0
2018-03-18 12:00:00,0,2018,"2018-03-18",0
2018-03-19 00:00:00,0,2018,"2018-03-19",0
2018-03-19 12:00:00,0,2018,"2018-03-19",0
2018-03-20 00:00:00,0,2018,"2018-03-20",0
2018-03-20 12:00:00,0,2018,"2018-03-20",0
2018-03-21 00:00:00,0,2018,"2018-03-21",0
2018-03-21 12:00:00,0,2018,"2018-03-21",0
2018-03-22 00:00:00,0,2018,"2018-03-22",0
2018-03-22 12:00:00,0,2018,"2018-03-22",0
2018-03-23 00:00:00,0,2018,"2018-03-23",0
2018-03-23 12:00:00,0,2018,"2018-03-23",0
2018-03-24 00:00:00,0,2018,"2018-03-24",0
2018-03-24 12:00:00,0,2018,"2018-03-24",0
2018-03-25 00:00:00,0,2018,"2018-03-25",0
2018-03-25 12:00:00,0,2018,"2018-03-25",0
2018-03-26 00:00:00,1.05,2018,"2018-03-26",0.105
2018-03-26 12:00:00,1.35,2018,"2018-03-26",0.135
2018-03-27 00:00:00,0.09,2018,"2018-03-27",0.009
2018-03-27 12:00:00,0,2018,"2018-03-27",0
2018-03-28 00:00:00,0,2018,"2018-03-28",0
2018-03-28 12:00:00,0,2018,"2018-03-28",0
2018-03-29 00:00:00,0,2018,"2018-03-29",0
2018-03-29 12:00:00,0,2018,"2018-03-29",0
2018-03-30 00:00:00,0.03,2018,"2018-03-30",0.003
2018-03-30 12:00:00,0,2018,"2018-03-30",0
2018-03-31 00:00:00,0.09,2018,"2018-03-31",0.009
2018-03-31 12:00:00,0,2018,"2018-03-31",0
2018-04-01 00:00:00,0,2018,"2018-04-01",0
2018-04-01 12:00:00,0,2018,"2018-04-01",0
2018-04-02 00:00:00,0,2018,"2018-04-02",0
2018-04-02 12:00:00,0,2018,"2018-04-02",0
2018-04-03 00:00:00,0,2018,"2018-04-03",0
2018-04-03 12:00:00,0,2018,"2018-04-03",0
2018-04-04 00:00:00,0,2018,"2018-04-04",0
2018-04-04 12:00:00,0,2018,"2018-04-04",0
2018-04-05 00:00:00,0.03,2018,"2018-04-05",0.003
2018-04-05 12:00:00,0.08,2018,"2018-04-05",0.008
2018-04-06 00:00:00,0.28,2018,"2018-04-06",0.028
2018-04-06 12:00:00,0,2018,"2018-04-06",0
2018-04-07 00:00:00,0,2018,"2018-04-07",0
2018-04-07 12:00:00,0,2018,"2018-04-07",0
2018-04-08 00:00:00,0,2018,"2018-04-08",0
2018-04-08 12:00:00,0,2018,"2018-04-08",0
2018-04-09 00:00:00,0,2018,"2018-04-09",0
2018-04-09 12:00:00,0,2018,"2018-04-09",0
2018-04-10 00:00:00,0,2018,"2018-04-10",0
2018-04-10 12:00:00,0,2018,"2018-04-10",0
2018-04-11 00:00:00,0,2018,"2018-04-11",0
2018-04-11 12:00:00,0.32,2018,"2018-04-11",0.032
2018-04-12 00:00:00,0.69,2018,"2018-04-12",0.069
2018-04-12 12:00:00,0,2018,"2018-04-12",0
2018-04-13 00:00:00,0,2018,"2018-04-13",0
2018-04-13 12:00:00,0,2018,"2018-04-13",0
2018-04-14 00:00:00,0,2018,"2018-04-14",0
2018-04-14 12:00:00,0,2018,"2018-04-14",0
2018-04-15 00:00:00,0.06,2018,"2018-04-15",0.006
2018-04-15 12:00:00,0.77,2018,"2018-04-15",0.077
2018-04-16 00:00:00,0.4,2018,"2018-04-16",0.04
2018-04-16 12:00:00,0,2018,"2018-04-16",0
2018-04-17 00:00:00,0,2018,"2018-04-17",0
2018-04-17 12:00:00,0,2018,"2018-04-17",0
2018-04-18 00:00:00,0,2018,"2018-04-18",0
2018-04-18 12:00:00,0,2018,"2018-04-18",0
2018-04-19 00:00:00,0,2018,"2018-04-19",0
2018-04-19 12:00:00,0,2018,"2018-04-19",0
2018-04-20 00:00:00,0,2018,"2018-04-20",0
2018-04-20 12:00:00,0,2018,"2018-04-20",0
2018-04-21 00:00:00,0,2018,"2018-04-21",0
2018-04-21 12:00:00,0,2018,"2018-04-21",0
2018-04-22 00:00:00,0,2018,"2018-04-22",0
2018-04-22 12:00:00,0,2018,"2018-04-22",0
2018-04-23 00:00:00,0,2018,"2018-04-23",0
2018-04-23 12:00:00,0,2018,"2018-04-23",0
2018-04-24 00:00:00,0,2018,"2018-04-24",0
2018-04-24 12:00:00,0,2018,"2018-04-24",0
2018-04-25 00:00:00,0,2018,"2018-04-25",0
2018-04-25 12:00:00,0,2018,"2018-04-25",0
2018-04-26 00:00:00,0,2018,"2018-04-26",0
2018-04-26 12:00:00,0,2018,"2018-04-26",0
2018-04-27 00:00:00,0.14,2018,"2018-04-27",0.014
2018-04-27 12:00:00,0,2018,"2018-04-27",0
2018-04-28 00:00:00,0,2018,"2018-04-28",0
2018-04-28 12:00:00,0,2018,"2018-04-28",0
2018-04-29 00:00:00,0,2018,"2018-04-29",0
2018-04-29 12:00:00,0,2018,"2018-04-29",0
2018-04-30 00:00:00,0,2018,"2018-04-30",0
2018-04-30 12:00:00,0,2018,"2018-04-30",0
2018-05-01 00:00:00,0.37,2018,"2018-05-01",0.037
2018-05-01 12:00:00,0,2018,"2018-05-01",0
2018-05-02 00:00:00,0,2018,"2018-05-02",0
2018-05-02 12:00:00,0,2018,"2018-05-02",0
2018-05-03 00:00:00,0,2018,"2018-05-03",0
2018-05-03 12:00:00,0,2018,"2018-05-03",0
2018-05-04 00:00:00,0,2018,"2018-05-04",0
2018-05-04 12:00:00,0,2018,"2018-05-04",0
2018-05-05 00:00:00,0,2018,"2018-05-05",0
2018-05-05 12:00:00,0,2018,"2018-05-05",0
2018-05-06 00:00:00,0,2018,"2018-05-06",0
2018-05-06 12:00:00,0,2018,"2018-05-06",0
2018-05-07 00:00:00,0,2018,"2018-05-07",0
2018-05-07 12:00:00,0,2018,"2018-05-07",0
2018-05-08 00:00:00,0.15,2018,"2018-05-08",0.015
2018-05-08 12:00:00,0.17,2018,"2018-05-08",0.017
2018-05-09 00:00:00,0.46,2018,"2018-05-09",0.046
2018-05-09 12:00:00,0.26,2018,"2018-05-09",0.026
2018-05-10 00:00:00,0,2018,"2018-05-10",0
2018-05-10 12:00:00,0,2018,"2018-05-10",0
2018-05-11 00:00:00,0,2018,"2018-05-11",0
2018-05-11 12:00:00,0,2018,"2018-05-11",0
2018-05-12 00:00:00,0,2018,"2018-05-12",0
2018-05-12 12:00:00,0,2018,"2018-05-12",0
2018-05-13 00:00:00,0,2018,"2018-05-13",0
2018-05-13 12:00:00,0,2018,"2018-05-13",0
2018-05-14 00:00:00,0,2018,"2018-05-14",0
2018-05-14 12:00:00,0,2018,"2018-05-14",0
2018-05-15 00:00:00,0,2018,"2018-05-15",0
2018-05-15 12:00:00,0,2018,"2018-05-15",0
2018-05-16 00:00:00,0,2018,"2018-05-16",0
2018-05-16 12:00:00,0,2018,"2018-05-16",0
2018-05-17 00:00:00,0.52,2018,"2018-05-17",0.052
2018-05-17 12:00:00,0.16,2018,"2018-05-17",0.016
2018-05-18 00:00:00,0,2018,"2018-05-18",0
2018-05-18 12:00:00,0.18,2018,"2018-05-18",0.018
2018-05-19 00:00:00,0.6,2018,"2018-05-19",0.06
2018-05-19 12:00:00,0,2018,"2018-05-19",0
2018-05-20 00:00:00,0,2018,"2018-05-20",0
2018-05-20 12:00:00,0,2018,"2018-05-20",0
2018-05-21 00:00:00,0,2018,"2018-05-21",0
2018-05-21 12:00:00,0,2018,"2018-05-21",0
2018-05-22 00:00:00,0,2018,"2018-05-22",0
2018-05-22 12:00:00,0,2018,"2018-05-22",0
2018-05-23 00:00:00,0,2018,"2018-05-23",0
2018-05-23 12:00:00,0,2018,"2018-05-23",0
2018-05-24 00:00:00,0.51,2018,"2018-05-24",0.051
2018-05-24 12:00:00,0.74,2018,"2018-05-24",0.074
2018-05-25 00:00:00,0,2018,"2018-05-25",0
2018-05-25 12:00:00,0.06,2018,"2018-05-25",0.006
2018-05-26 00:00:00,0,2018,"2018-05-26",0
2018-05-26 12:00:00,0,2018,"2018-05-26",0
2018-05-27 00:00:00,0,2018,"2018-05-27",0
2018-05-27 12:00:00,0.03,2018,"2018-05-27",0.003
2018-05-28 00:00:00,0.45,2018,"2018-05-28",0.045
2018-05-28 12:00:00,0,2018,"2018-05-28",0
2018-05-29 00:00:00,0,2018,"2018-05-29",0
2018-05-29 12:00:00,2.33,2018,"2018-05-29",0.233
2018-05-30 00:00:00,0,2018,"2018-05-30",0
2018-05-30 12:00:00,0.18,2018,"2018-05-30",0.018
2018-05-31 00:00:00,0,2018,"2018-05-31",0
2018-05-31 12:00:00,0,2018,"2018-05-31",0
2018-06-01 00:00:00,0,2018,"2018-06-01",0
2018-06-01 12:00:00,0,2018,"2018-06-01",0
2018-06-02 00:00:00,1.54,2018,"2018-06-02",0.154
2018-06-02 12:00:00,0.87,2018,"2018-06-02",0.087
2018-06-03 00:00:00,0.56,2018,"2018-06-03",0.056
2018-06-03 12:00:00,0,2018,"2018-06-03",0
2018-06-04 00:00:00,0,2018,"2018-06-04",0
2018-06-04 12:00:00,0,2018,"2018-06-04",0
2018-06-05 00:00:00,0,2018,"2018-06-05",0
2018-06-05 12:00:00,0,2018,"2018-06-05",0
2018-06-06 00:00:00,0.76,2018,"2018-06-06",0.076
2018-06-06 12:00:00,0,2018,"2018-06-06",0
2018-06-07 00:00:00,0,2018,"2018-06-07",0
2018-06-07 12:00:00,0,2018,"2018-06-07",0
2018-06-08 00:00:00,0,2018,"2018-06-08",0
2018-06-08 12:00:00,0.28,2018,"2018-06-08",0.028
2018-06-09 00:00:00,1.95,2018,"2018-06-09",0.195
2018-06-09 12:00:00,0,2018,"2018-06-09",0
2018-06-10 00:00:00,0,2018,"2018-06-10",0
2018-06-10 12:00:00,0,2018,"2018-06-10",0
2018-06-11 00:00:00,0,2018,"2018-06-11",0
2018-06-11 12:00:00,0.29,2018,"2018-06-11",0.029
2018-06-12 00:00:00,0.2,2018,"2018-06-12",0.02
2018-06-12 12:00:00,0,2018,"2018-06-12",0
2018-06-13 00:00:00,0,2018,"2018-06-13",0
2018-06-13 12:00:00,0,2018,"2018-06-13",0
2018-06-14 00:00:00,0,2018,"2018-06-14",0
2018-06-14 12:00:00,0.09,2018,"2018-06-14",0.009
2018-06-15 00:00:00,2.86,2018,"2018-06-15",0.286
2018-06-15 12:00:00,0,2018,"2018-06-15",0
2018-06-16 00:00:00,2.12,2018,"2018-06-16",0.212
2018-06-16 12:00:00,0.33,2018,"2018-06-16",0.033
2018-06-17 00:00:00,0.8,2018,"2018-06-17",0.08
2018-06-17 12:00:00,0,2018,"2018-06-17",0
2018-06-18 00:00:00,0,2018,"2018-06-18",0
2018-06-18 12:00:00,0,2018,"2018-06-18",0
2018-06-19 00:00:00,0,2018,"2018-06-19",0
2018-06-19 12:00:00,0,2018,"2018-06-19",0
2018-06-20 00:00:00,0,2018,"2018-06-20",0
2018-06-20 12:00:00,0,2018,"2018-06-20",0
2018-06-21 00:00:00,0,2018,"2018-06-21",0
2018-06-21 12:00:00,0,2018,"2018-06-21",0
2018-06-22 00:00:00,0,2018,"2018-06-22",0
2018-06-22 12:00:00,0.08,2018,"2018-06-22",0.008
2018-06-23 00:00:00,0,2018,"2018-06-23",0
2018-06-23 12:00:00,0,2018,"2018-06-23",0
2018-06-24 00:00:00,0,2018,"2018-06-24",0
2018-06-24 12:00:00,0,2018,"2018-06-24",0
2018-06-25 00:00:00,0,2018,"2018-06-25",0
2018-06-25 12:00:00,0,2018,"2018-06-25",0
2018-06-26 00:00:00,0,2018,"2018-06-26",0
2018-06-26 12:00:00,0,2018,"2018-06-26",0
2018-06-27 00:00:00,0,2018,"2018-06-27",0
2018-06-27 12:00:00,0,2018,"2018-06-27",0
2018-06-28 00:00:00,0,2018,"2018-06-28",0
2018-06-28 12:00:00,0.09,2018,"2018-06-28",0.009
2018-06-29 00:00:00,1.79,2018,"2018-06-29",0.179
2018-06-29 12:00:00,0,2018,"2018-06-29",0
2018-06-30 00:00:00,0.14,2018,"2018-06-30",0.014
2018-06-30 12:00:00,0,2018,"2018-06-30",0
2018-07-01 00:00:00,0.51,2018,"2018-07-01",0.051
2018-07-01 12:00:00,0.58,2018,"2018-07-01",0.058
2018-07-02 00:00:00,0.47,2018,"2018-07-02",0.047
2018-07-02 12:00:00,3.72,2018,"2018-07-02",0.372
2018-07-03 00:00:00,1.15,2018,"2018-07-03",0.115
2018-07-03 12:00:00,0,2018,"2018-07-03",0
2018-07-04 00:00:00,0.64,2018,"2018-07-04",0.064
2018-07-04 12:00:00,0,2018,"2018-07-04",0
2018-07-05 00:00:00,0,2018,"2018-07-05",0
2018-07-05 12:00:00,0,2018,"2018-07-05",0
2018-07-06 00:00:00,0,2018,"2018-07-06",0
2018-07-06 12:00:00,0,2018,"2018-07-06",0
2018-07-07 00:00:00,0,2018,"2018-07-07",0
2018-07-07 12:00:00,0,2018,"2018-07-07",0
2018-07-08 00:00:00,0.7,2018,"2018-07-08",0.07
2018-07-08 12:00:00,0.49,2018,"2018-07-08",0.049
2018-07-09 00:00:00,0,2018,"2018-07-09",0
2018-07-09 12:00:00,0,2018,"2018-07-09",0
2018-07-10 00:00:00,0,2018,"2018-07-10",0
2018-07-10 12:00:00,0,2018,"2018-07-10",0
2018-07-11 00:00:00,0.97,2018,"2018-07-11",0.097
2018-07-11 12:00:00,0.14,2018,"2018-07-11",0.014
2018-07-12 00:00:00,0.19,2018,"2018-07-12",0.019
2018-07-12 12:00:00,0,2018,"2018-07-12",0
2018-07-13 00:00:00,0,2018,"2018-07-13",0
2018-07-13 12:00:00,0,2018,"2018-07-13",0
2018-07-14 00:00:00,0,2018,"2018-07-14",0
2018-07-14 12:00:00,0,2018,"2018-07-14",0
2018-07-15 00:00:00,0,2018,"2018-07-15",0
2018-07-15 12:00:00,0,2018,"2018-07-15",0
2018-07-16 00:00:00,0,2018,"2018-07-16",0
2018-07-16 12:00:00,0,2018,"2018-07-16",0
2018-07-17 00:00:00,0,2018,"2018-07-17",0
2018-07-17 12:00:00,0,2018,"2018-07-17",0
2018-07-18 00:00:00,0,2018,"2018-07-18",0
2018-07-18 12:00:00,0,2018,"2018-07-18",0
2018-07-19 00:00:00,0,2018,"2018-07-19",0
2018-07-19 12:00:00,0,2018,"2018-07-19",0
2018-07-20 00:00:00,0,2018,"2018-07-20",0
2018-07-20 12:00:00,1.34,2018,"2018-07-20",0.134
2018-07-21 00:00:00,0,2018,"2018-07-21",0
2018-07-21 12:00:00,0,2018,"2018-07-21",0
2018-07-22 00:00:00,0,2018,"2018-07-22",0
2018-07-22 12:00:00,0,2018,"2018-07-22",0
2018-07-23 00:00:00,0,2018,"2018-07-23",0
2018-07-23 12:00:00,0,2018,"2018-07-23",0
2018-07-24 00:00:00,0,2018,"2018-07-24",0
2018-07-24 12:00:00,0,2018,"2018-07-24",0
2018-07-25 00:00:00,0,2018,"2018-07-25",0
2018-07-25 12:00:00,0,2018,"2018-07-25",0
2018-07-26 00:00:00,0.03,2018,"2018-07-26",0.003
2018-07-26 12:00:00,0,2018,"2018-07-26",0
2018-07-27 00:00:00,0,2018,"2018-07-27",0
2018-07-27 12:00:00,0,2018,"2018-07-27",0
2018-07-28 00:00:00,0,2018,"2018-07-28",0
2018-07-28 12:00:00,0,2018,"2018-07-28",0
2018-07-29 00:00:00,0,2018,"2018-07-29",0
2018-07-29 12:00:00,0,2018,"2018-07-29",0
2018-07-30 00:00:00,0,2018,"2018-07-30",0
2018-07-30 12:00:00,0,2018,"2018-07-30",0
2018-07-31 00:00:00,0,2018,"2018-07-31",0
2018-07-31 12:00:00,0.08,2018,"2018-07-31",0.008
2018-08-01 00:00:00,0.03,2018,"2018-08-01",0.003
2018-08-01 12:00:00,0,2018,"2018-08-01",0
2018-08-02 00:00:00,0,2018,"2018-08-02",0
2018-08-02 12:00:00,0,2018,"2018-08-02",0
2018-08-03 00:00:00,0,2018,"2018-08-03",0
2018-08-03 12:00:00,0.46,2018,"2018-08-03",0.046
2018-08-04 00:00:00,0,2018,"2018-08-04",0
2018-08-04 12:00:00,0,2018,"2018-08-04",0
2018-08-05 00:00:00,0,2018,"2018-08-05",0
2018-08-05 12:00:00,0,2018,"2018-08-05",0
2018-08-06 00:00:00,0,2018,"2018-08-06",0
2018-08-06 12:00:00,0,2018,"2018-08-06",0
2018-08-07 00:00:00,0,2018,"2018-08-07",0
2018-08-07 12:00:00,0,2018,"2018-08-07",0
2018-08-08 00:00:00,0,2018,"2018-08-08",0
2018-08-08 12:00:00,0,2018,"2018-08-08",0
2018-08-09 00:00:00,0,2018,"2018-08-09",0
2018-08-09 12:00:00,0,2018,"2018-08-09",0
2018-08-10 00:00:00,0,2018,"2018-08-10",0
2018-08-10 12:00:00,0,2018,"2018-08-10",0
2018-08-11 00:00:00,0,2018,"2018-08-11",0
2018-08-11 12:00:00,0,2018,"2018-08-11",0
2018-08-12 00:00:00,0,2018,"2018-08-12",0
2018-08-12 12:00:00,0,2018,"2018-08-12",0
2018-08-13 00:00:00,0,2018,"2018-08-13",0
2018-08-13 12:00:00,0,2018,"2018-08-13",0
2018-08-14 00:00:00,0,2018,"2018-08-14",0
2018-08-14 12:00:00,0,2018,"2018-08-14",0
2018-08-15 00:00:00,0,2018,"2018-08-15",0
2018-08-15 12:00:00,0,2018,"2018-08-15",0
2018-08-16 00:00:00,0,2018,"2018-08-16",0
2018-08-16 12:00:00,0,2018,"2018-08-16",0
2018-08-17 00:00:00,0,2018,"2018-08-17",0
2018-08-17 12:00:00,0,2018,"2018-08-17",0
2018-08-18 00:00:00,0,2018,"2018-08-18",0
2018-08-18 12:00:00,0,2018,"2018-08-18",0
2018-08-19 00:00:00,0.03,2018,"2018-08-19",0.003
2018-08-19 12:00:00,0,2018,"2018-08-19",0
2018-08-20 00:00:00,0,2018,"2018-08-20",0
2018-08-20 12:00:00,0,2018,"2018-08-20",0
2018-08-21 00:00:00,0.45,2018,"2018-08-21",0.045
2018-08-21 12:00:00,0,2018,"2018-08-21",0
2018-08-22 00:00:00,0,2018,"2018-08-22",0
2018-08-22 12:00:00,0,2018,"2018-08-22",0
2018-08-23 00:00:00,0,2018,"2018-08-23",0
2018-08-23 12:00:00,0,2018,"2018-08-23",0
2018-08-24 00:00:00,0.92,2018,"2018-08-24",0.092
2018-08-24 12:00:00,0.22,2018,"2018-08-24",0.022
2018-08-25 00:00:00,0,2018,"2018-08-25",0
2018-08-25 12:00:00,0,2018,"2018-08-25",0
2018-08-26 00:00:00,0,2018,"2018-08-26",0
2018-08-26 12:00:00,0.92,2018,"2018-08-26",0.092
2018-08-27 00:00:00,0.36,2018,"2018-08-27",0.036
2018-08-27 12:00:00,0.71,2018,"2018-08-27",0.071
2018-08-28 00:00:00,0.11,2018,"2018-08-28",0.011
2018-08-28 12:00:00,0,2018,"2018-08-28",0
2018-08-29 00:00:00,0,2018,"2018-08-29",0
2018-08-29 12:00:00,0,2018,"2018-08-29",0
2018-08-30 00:00:00,0,2018,"2018-08-30",0
2018-08-30 12:00:00,0,2018,"2018-08-30",0
2018-08-31 00:00:00,0,2018,"2018-08-31",0
2018-08-31 12:00:00,0.06,2018,"2018-08-31",0.006
2018-09-01 00:00:00,0,2018,"2018-09-01",0
2018-09-01 12:00:00,0,2018,"2018-09-01",0
2018-09-02 00:00:00,0.68,2018,"2018-09-02",0.068
2018-09-02 12:00:00,0,2018,"2018-09-02",0
2018-09-03 00:00:00,0,2018,"2018-09-03",0
2018-09-03 12:00:00,0,2018,"2018-09-03",0
2018-09-04 00:00:00,2.13,2018,"2018-09-04",0.213
2018-09-04 12:00:00,0,2018,"2018-09-04",0
2018-09-05 00:00:00,0,2018,"2018-09-05",0
2018-09-05 12:00:00,0,2018,"2018-09-05",0
2018-09-06 00:00:00,0,2018,"2018-09-06",0
2018-09-06 12:00:00,0.06,2018,"2018-09-06",0.006
2018-09-07 00:00:00,0,2018,"2018-09-07",0
2018-09-07 12:00:00,0,2018,"2018-09-07",0
2018-09-08 00:00:00,0,2018,"2018-09-08",0
2018-09-08 12:00:00,0,2018,"2018-09-08",0
2018-09-09 00:00:00,0,2018,"2018-09-09",0
2018-09-09 12:00:00,0,2018,"2018-09-09",0
2018-09-10 00:00:00,0.28,2018,"2018-09-10",0.028
2018-09-10 12:00:00,0,2018,"2018-09-10",0
2018-09-11 00:00:00,0,2018,"2018-09-11",0
2018-09-11 12:00:00,0,2018,"2018-09-11",0
2018-09-12 00:00:00,0,2018,"2018-09-12",0
2018-09-12 12:00:00,0,2018,"2018-09-12",0
2018-09-13 00:00:00,0,2018,"2018-09-13",0
2018-09-13 12:00:00,0,2018,"2018-09-13",0
2018-09-14 00:00:00,0,2018,"2018-09-14",0
2018-09-14 12:00:00,0.33,2018,"2018-09-14",0.033
2018-09-15 00:00:00,0.32,2018,"2018-09-15",0.032
2018-09-15 12:00:00,0.25,2018,"2018-09-15",0.025
2018-09-16 00:00:00,0,2018,"2018-09-16",0
2018-09-16 12:00:00,0,2018,"2018-09-16",0
2018-09-17 00:00:00,0,2018,"2018-09-17",0
2018-09-17 12:00:00,0,2018,"2018-09-17",0
2018-09-18 00:00:00,0,2018,"2018-09-18",0
2018-09-18 12:00:00,0,2018,"2018-09-18",0
2018-09-19 00:00:00,0,2018,"2018-09-19",0
2018-09-19 12:00:00,0,2018,"2018-09-19",0
2018-09-20 00:00:00,0.03,2018,"2018-09-20",0.003
2018-09-20 12:00:00,2.32,2018,"2018-09-20",0.232
2018-09-21 00:00:00,0.53,2018,"2018-09-21",0.053
2018-09-21 12:00:00,0,2018,"2018-09-21",0
2018-09-22 00:00:00,0,2018,"2018-09-22",0
2018-09-22 12:00:00,0,2018,"2018-09-22",0
2018-09-23 00:00:00,0,2018,"2018-09-23",0
2018-09-23 12:00:00,0,2018,"2018-09-23",0
2018-09-24 00:00:00,0.13,2018,"2018-09-24",0.013
2018-09-24 12:00:00,1.11,2018,"2018-09-24",0.111
2018-09-25 00:00:00,0.03,2018,"2018-09-25",0.003
2018-09-25 12:00:00,0.09,2018,"2018-09-25",0.009
2018-09-26 00:00:00,0,2018,"2018-09-26",0
2018-09-26 12:00:00,0.39,2018,"2018-09-26",0.039
2018-09-27 00:00:00,0.34,2018,"2018-09-27",0.034
2018-09-27 12:00:00,0.47,2018,"2018-09-27",0.047
2018-09-28 00:00:00,0.08,2018,"2018-09-28",0.008
2018-09-28 12:00:00,0.03,2018,"2018-09-28",0.003
2018-09-29 00:00:00,0,2018,"2018-09-29",0
2018-09-29 12:00:00,0,2018,"2018-09-29",0
2018-09-30 00:00:00,0.03,2018,"2018-09-30",0.003
2018-09-30 12:00:00,0,2018,"2018-09-30",0
2018-10-01 00:00:00,0,2018,"2018-10-01",0
2018-10-01 12:00:00,0,2018,"2018-10-01",0
2018-10-02 00:00:00,0,2018,"2018-10-02",0
2018-10-02 12:00:00,0,2018,"2018-10-02",0
2018-10-03 00:00:00,0.09,2018,"2018-10-03",0.009
2018-10-03 12:00:00,0.67,2018,"2018-10-03",0.067
2018-10-04 00:00:00,0,2018,"2018-10-04",0
2018-10-04 12:00:00,0.71,2018,"2018-10-04",0.071
2018-10-05 00:00:00,0.86,2018,"2018-10-05",0.086
2018-10-05 12:00:00,0.47,2018,"2018-10-05",0.047
2018-10-06 00:00:00,0,2018,"2018-10-06",0
2018-10-06 12:00:00,0,2018,"2018-10-06",0
2018-10-07 00:00:00,0,2018,"2018-10-07",0
2018-10-07 12:00:00,0,2018,"2018-10-07",0
2018-10-08 00:00:00,0.53,2018,"2018-10-08",0.053
2018-10-08 12:00:00,0.62,2018,"2018-10-08",0.062
2018-10-09 00:00:00,0.3,2018,"2018-10-09",0.03
2018-10-09 12:00:00,1.02,2018,"2018-10-09",0.102
2018-10-10 00:00:00,1.4,2018,"2018-10-10",0.14
2018-10-10 12:00:00,0.85,2018,"2018-10-10",0.085
2018-10-11 00:00:00,0.09,2018,"2018-10-11",0.009
2018-10-11 12:00:00,0,2018,"2018-10-11",0
2018-10-12 00:00:00,0,2018,"2018-10-12",0
2018-10-12 12:00:00,0,2018,"2018-10-12",0
2018-10-13 00:00:00,0.03,2018,"2018-10-13",0.003
2018-10-13 12:00:00,0,2018,"2018-10-13",0
2018-10-14 00:00:00,0,2018,"2018-10-14",0
2018-10-14 12:00:00,0,2018,"2018-10-14",0
2018-10-15 00:00:00,0.03,2018,"2018-10-15",0.003
2018-10-15 12:00:00,0,2018,"2018-10-15",0
2018-10-16 00:00:00,0,2018,"2018-10-16",0
2018-10-16 12:00:00,0,2018,"2018-10-16",0
2018-10-17 00:00:00,0,2018,"2018-10-17",0
2018-10-17 12:00:00,0,2018,"2018-10-17",0
2018-10-18 00:00:00,0,2018,"2018-10-18",0
2018-10-18 12:00:00,0,2018,"2018-10-18",0
2018-10-19 00:00:00,0,2018,"2018-10-19",0
2018-10-19 12:00:00,0.38,2018,"2018-10-19",0.038
2018-10-20 00:00:00,0.23,2018,"2018-10-20",0.023
2018-10-20 12:00:00,0,2018,"2018-10-20",0
2018-10-21 00:00:00,0,2018,"2018-10-21",0
2018-10-21 12:00:00,0,2018,"2018-10-21",0
2018-10-22 00:00:00,0,2018,"2018-10-22",0
2018-10-22 12:00:00,0,2018,"2018-10-22",0
2018-10-23 00:00:00,0,2018,"2018-10-23",0
2018-10-23 12:00:00,0,2018,"2018-10-23",0
2018-10-24 00:00:00,0,2018,"2018-10-24",0
2018-10-24 12:00:00,0,2018,"2018-10-24",0
2018-10-25 00:00:00,0.06,2018,"2018-10-25",0.006
2018-10-25 12:00:00,0.77,2018,"2018-10-25",0.077
2018-10-26 00:00:00,0.3,2018,"2018-10-26",0.03
2018-10-26 12:00:00,0.84,2018,"2018-10-26",0.084
2018-10-27 00:00:00,0.4,2018,"2018-10-27",0.04
2018-10-27 12:00:00,0.76,2018,"2018-10-27",0.076
2018-10-28 00:00:00,0.3,2018,"2018-10-28",0.03
2018-10-28 12:00:00,0,2018,"2018-10-28",0
2018-10-29 00:00:00,0,2018,"2018-10-29",0
2018-10-29 12:00:00,0,2018,"2018-10-29",0
2018-10-30 00:00:00,0.33,2018,"2018-10-30",0.033
2018-10-30 12:00:00,0,2018,"2018-10-30",0
2018-10-31 00:00:00,0,2018,"2018-10-31",0
2018-10-31 12:00:00,0,2018,"2018-10-31",0
2018-11-01 00:00:00,0,2018,"2018-11-01",0
2018-11-01 12:00:00,0,2018,"2018-11-01",0
2018-11-02 00:00:00,0,2018,"2018-11-02",0
2018-11-02 12:00:00,0,2018,"2018-11-02",0
2018-11-03 00:00:00,0,2018,"2018-11-03",0
2018-11-03 12:00:00,0,2018,"2018-11-03",0
2018-11-04 00:00:00,0,2018,"2018-11-04",0
2018-11-04 12:00:00,0,2018,"2018-11-04",0
2018-11-05 00:00:00,0,2018,"2018-11-05",0
2018-11-05 12:00:00,0,2018,"2018-11-05",0
2018-11-06 00:00:00,0.21,2018,"2018-11-06",0.021
2018-11-06 12:00:00,0.54,2018,"2018-11-06",0.054
2018-11-07 00:00:00,0.24,2018,"2018-11-07",0.024
2018-11-07 12:00:00,0,2018,"2018-11-07",0
2018-11-08 00:00:00,0,2018,"2018-11-08",0
2018-11-08 12:00:00,0,2018,"2018-11-08",0
2018-11-09 00:00:00,0.09,2018,"2018-11-09",0.009
2018-11-09 12:00:00,0,2018,"2018-11-09",0
2018-11-10 00:00:00,0,2018,"2018-11-10",0
2018-11-10 12:00:00,0.24,2018,"2018-11-10",0.024
2018-11-11 00:00:00,0.12,2018,"2018-11-11",0.012
2018-11-11 12:00:00,0,2018,"2018-11-11",0
2018-11-12 00:00:00,0,2018,"2018-11-12",0
2018-11-12 12:00:00,0,2018,"2018-11-12",0
2018-11-13 00:00:00,0,2018,"2018-11-13",0
2018-11-13 12:00:00,0,2018,"2018-11-13",0
2018-11-14 00:00:00,0,2018,"2018-11-14",0
2018-11-14 12:00:00,0,2018,"2018-11-14",0
2018-11-15 00:00:00,0,2018,"2018-11-15",0
2018-11-15 12:00:00,0.34,2018,"2018-11-15",0.034
2018-11-16 00:00:00,0,2018,"2018-11-16",0
2018-11-16 12:00:00,0,2018,"2018-11-16",0
2018-11-17 00:00:00,0,2018,"2018-11-17",0
2018-11-17 12:00:00,0,2018,"2018-11-17",0
2018-11-18 00:00:00,0,2018,"2018-11-18",0
2018-11-18 12:00:00,0.09,2018,"2018-11-18",0.009
2018-11-19 00:00:00,0.09,2018,"2018-11-19",0.009
2018-11-19 12:00:00,0,2018,"2018-11-19",0
2018-11-20 00:00:00,0.26,2018,"2018-11-20",0.026
2018-11-20 12:00:00,0,2018,"2018-11-20",0
2018-11-21 00:00:00,0,2018,"2018-11-21",0
2018-11-21 12:00:00,0,2018,"2018-11-21",0
2018-11-22 00:00:00,0,2018,"2018-11-22",0
2018-11-22 12:00:00,0,2018,"2018-11-22",0
2018-11-23 00:00:00,0,2018,"2018-11-23",0
2018-11-23 12:00:00,0,2018,"2018-11-23",0
2018-11-24 00:00:00,0.15,2018,"2018-11-24",0.015
2018-11-24 12:00:00,0,2018,"2018-11-24",0
2018-11-25 00:00:00,0,2018,"2018-11-25",0
2018-11-25 12:00:00,0,2018,"2018-11-25",0
2018-11-26 00:00:00,0,2018,"2018-11-26",0
2018-11-26 12:00:00,0,2018,"2018-11-26",0
2018-11-27 00:00:00,0,2018,"2018-11-27",0
2018-11-27 12:00:00,0,2018,"2018-11-27",0
2018-11-28 00:00:00,0,2018,"2018-11-28",0
2018-11-28 12:00:00,0.12,2018,"2018-11-28",0.012
2018-11-29 00:00:00,0.73,2018,"2018-11-29",0.073
2018-11-29 12:00:00,0.06,2018,"2018-11-29",0.006
2018-11-30 00:00:00,0,2018,"2018-11-30",0
2018-11-30 12:00:00,0,2018,"2018-11-30",0
2018-12-01 00:00:00,0,2018,"2018-12-01",0
2018-12-01 12:00:00,0,2018,"2018-12-01",0
2018-12-02 00:00:00,0,2018,"2018-12-02",0
2018-12-02 12:00:00,0,2018,"2018-12-02",0
2018-12-03 00:00:00,0,2018,"2018-12-03",0
2018-12-03 12:00:00,0,2018,"2018-12-03",0
2018-12-04 00:00:00,0,2018,"2018-12-04",0
2018-12-04 12:00:00,0,2018,"2018-12-04",0
2018-12-05 00:00:00,0,2018,"2018-12-05",0
2018-12-05 12:00:00,0,2018,"2018-12-05",0
2018-12-06 00:00:00,0,2018,"2018-12-06",0
2018-12-06 12:00:00,0,2018,"2018-12-06",0
2018-12-07 00:00:00,0,2018,"2018-12-07",0
2018-12-07 12:00:00,0,2018,"2018-12-07",0
2018-12-08 00:00:00,0,2018,"2018-12-08",0
2018-12-08 12:00:00,0,2018,"2018-12-08",0
2018-12-09 00:00:00,0,2018,"2018-12-09",0
2018-12-09 12:00:00,0,2018,"2018-12-09",0
2018-12-10 00:00:00,0,2018,"2018-12-10",0
2018-12-10 12:00:00,0,2018,"2018-12-10",0
2018-12-11 00:00:00,0,2018,"2018-12-11",0
2018-12-11 12:00:00,0,2018,"2018-12-11",0
2018-12-12 00:00:00,0,2018,"2018-12-12",0
2018-12-12 12:00:00,0,2018,"2018-12-12",0
2018-12-13 00:00:00,0.03,2018,"2018-12-13",0.003
2018-12-13 12:00:00,0,2018,"2018-12-13",0
2018-12-14 00:00:00,0,2018,"2018-12-14",0
2018-12-14 12:00:00,0,2018,"2018-12-14",0
2018-12-15 00:00:00,0,2018,"2018-12-15",0
2018-12-15 12:00:00,0,2018,"2018-12-15",0
2018-12-16 00:00:00,0,2018,"2018-12-16",0
2018-12-16 12:00:00,0,2018,"2018-12-16",0
2018-12-17 00:00:00,0,2018,"2018-12-17",0
2018-12-17 12:00:00,0,2018,"2018-12-17",0
2018-12-18 00:00:00,0,2018,"2018-12-18",0
2018-12-18 12:00:00,0,2018,"2018-12-18",0
2018-12-19 00:00:00,0,2018,"2018-12-19",0
2018-12-19 12:00:00,0.15,2018,"2018-12-19",0.015
2018-12-20 00:00:00,0.09,2018,"2018-12-20",0.009
2018-12-20 12:00:00,0,2018,"2018-12-20",0
2018-12-21 00:00:00,0,2018,"2018-12-21",0
2018-12-21 12:00:00,0,2018,"2018-12-21",0
2018-12-22 00:00:00,0.18,2018,"2018-12-22",0.018
2018-12-22 12:00:00,0.24,2018,"2018-12-22",0.024
2018-12-23 00:00:00,0.18,2018,"2018-12-23",0.018
2018-12-23 12:00:00,0.06,2018,"2018-12-23",0.006
2018-12-24 00:00:00,0,2018,"2018-12-24",0
2018-12-24 12:00:00,0,2018,"2018-12-24",0
2018-12-25 00:00:00,0,2018,"2018-12-25",0
2018-12-25 12:00:00,0,2018,"2018-12-25",0
2018-12-26 00:00:00,0,2018,"2018-12-26",0
2018-12-26 12:00:00,0.21,2018,"2018-12-26",0.021
2018-12-27 00:00:00,1.48,2018,"2018-12-27",0.148
2018-12-27 12:00:00,1.45,2018,"2018-12-27",0.145
2018-12-28 00:00:00,0.15,2018,"2018-12-28",0.015
2018-12-28 12:00:00,0,2018,"2018-12-28",0
2018-12-29 00:00:00,0,2018,"2018-12-29",0
2018-12-29 12:00:00,0,2018,"2018-12-29",0
2018-12-30 00:00:00,0,2018,"2018-12-30",0
2018-12-30 12:00:00,0.09,2018,"2018-12-30",0.009
2018-12-31 00:00:00,0.51,2018,"2018-12-31",0.051
2018-12-31 12:00:00,0,2018,"2018-12-31",0
2019-01-01 00:00:00,0,2019,"2019-01-01",0
2019-01-01 12:00:00,0,2019,"2019-01-01",0
2019-01-02 00:00:00,0,2019,"2019-01-02",0
2019-01-02 12:00:00,0,2019,"2019-01-02",0
2019-01-03 00:00:00,0,2019,"2019-01-03",0
2019-01-03 12:00:00,0,2019,"2019-01-03",0
2019-01-04 00:00:00,0,2019,"2019-01-04",0
2019-01-04 12:00:00,0,2019,"2019-01-04",0
2019-01-05 00:00:00,0,2019,"2019-01-05",0
2019-01-05 12:00:00,0,2019,"2019-01-05",0
2019-01-06 00:00:00,0,2019,"2019-01-06",0
2019-01-06 12:00:00,0.03,2019,"2019-01-06",0.003
2019-01-07 00:00:00,0.21,2019,"2019-01-07",0.021
2019-01-07 12:00:00,0,2019,"2019-01-07",0
2019-01-08 00:00:00,0.03,2019,"2019-01-08",0.003
2019-01-08 12:00:00,0,2019,"2019-01-08",0
2019-01-09 00:00:00,0,2019,"2019-01-09",0
2019-01-09 12:00:00,0,2019,"2019-01-09",0
2019-01-10 00:00:00,0,2019,"2019-01-10",0
2019-01-10 12:00:00,0,2019,"2019-01-10",0
2019-01-11 00:00:00,0,2019,"2019-01-11",0
2019-01-11 12:00:00,0,2019,"2019-01-11",0
2019-01-12 00:00:00,0.09,2019,"2019-01-12",0.009
2019-01-12 12:00:00,0,2019,"2019-01-12",0
2019-01-13 00:00:00,0,2019,"2019-01-13",0
2019-01-13 12:00:00,0,2019,"2019-01-13",0
2019-01-14 00:00:00,0.08,2019,"2019-01-14",0.008
2019-01-14 12:00:00,0,2019,"2019-01-14",0
2019-01-15 00:00:00,0,2019,"2019-01-15",0
2019-01-15 12:00:00,0,2019,"2019-01-15",0
2019-01-16 00:00:00,0,2019,"2019-01-16",0
2019-01-16 12:00:00,0,2019,"2019-01-16",0
2019-01-17 00:00:00,0,2019,"2019-01-17",0
2019-01-17 12:00:00,0,2019,"2019-01-17",0
2019-01-18 00:00:00,0,2019,"2019-01-18",0
2019-01-18 12:00:00,0,2019,"2019-01-18",0
2019-01-19 00:00:00,0,2019,"2019-01-19",0
2019-01-19 12:00:00,0,2019,"2019-01-19",0
2019-01-20 00:00:00,0,2019,"2019-01-20",0
2019-01-20 12:00:00,0,2019,"2019-01-20",0
2019-01-21 00:00:00,0,2019,"2019-01-21",0
2019-01-21 12:00:00,0.21,2019,"2019-01-21",0.021
2019-01-22 00:00:00,0.75,2019,"2019-01-22",0.075
2019-01-22 12:00:00,0,2019,"2019-01-22",0
2019-01-23 00:00:00,0.03,2019,"2019-01-23",0.003
2019-01-23 12:00:00,0,2019,"2019-01-23",0
2019-01-24 00:00:00,0.21,2019,"2019-01-24",0.021
2019-01-24 12:00:00,0.03,2019,"2019-01-24",0.003
2019-01-25 00:00:00,0,2019,"2019-01-25",0
2019-01-25 12:00:00,0.03,2019,"2019-01-25",0.003
2019-01-26 00:00:00,0,2019,"2019-01-26",0
2019-01-26 12:00:00,0,2019,"2019-01-26",0
2019-01-27 00:00:00,0.06,2019,"2019-01-27",0.006
2019-01-27 12:00:00,0.3,2019,"2019-01-27",0.03
2019-01-28 00:00:00,0.3,2019,"2019-01-28",0.03
2019-01-28 12:00:00,0.21,2019,"2019-01-28",0.021
2019-01-29 00:00:00,0.03,2019,"2019-01-29",0.003
2019-01-29 12:00:00,0.03,2019,"2019-01-29",0.003
2019-01-30 00:00:00,0.03,2019,"2019-01-30",0.003
2019-01-30 12:00:00,0,2019,"2019-01-30",0
2019-01-31 00:00:00,0.06,2019,"2019-01-31",0.006
2019-01-31 12:00:00,0,2019,"2019-01-31",0
2019-02-01 00:00:00,0,2019,"2019-02-01",0
2019-02-01 12:00:00,0,2019,"2019-02-01",0
2019-02-02 00:00:00,0,2019,"2019-02-02",0
2019-02-02 12:00:00,0,2019,"2019-02-02",0
2019-02-03 00:00:00,0,2019,"2019-02-03",0
2019-02-03 12:00:00,0.28,2019,"2019-02-03",0.028
2019-02-04 00:00:00,1.13,2019,"2019-02-04",0.113
2019-02-04 12:00:00,0.06,2019,"2019-02-04",0.006
2019-02-05 00:00:00,0.03,2019,"2019-02-05",0.003
2019-02-05 12:00:00,0.23,2019,"2019-02-05",0.023
2019-02-06 00:00:00,0.08,2019,"2019-02-06",0.008
2019-02-06 12:00:00,0.43,2019,"2019-02-06",0.043
2019-02-07 00:00:00,1.03,2019,"2019-02-07",0.103
2019-02-07 12:00:00,0.33,2019,"2019-02-07",0.033
2019-02-08 00:00:00,0,2019,"2019-02-08",0
2019-02-08 12:00:00,0.1,2019,"2019-02-08",0.01
2019-02-09 00:00:00,0.03,2019,"2019-02-09",0.003
2019-02-09 12:00:00,0,2019,"2019-02-09",0
2019-02-10 00:00:00,0.03,2019,"2019-02-10",0.003
2019-02-10 12:00:00,0.12,2019,"2019-02-10",0.012
2019-02-11 00:00:00,0.03,2019,"2019-02-11",0.003
2019-02-11 12:00:00,0,2019,"2019-02-11",0
2019-02-12 00:00:00,0.54,2019,"2019-02-12",0.054
2019-02-12 12:00:00,0.3,2019,"2019-02-12",0.03
2019-02-13 00:00:00,0,2019,"2019-02-13",0
2019-02-13 12:00:00,0,2019,"2019-02-13",0
2019-02-14 00:00:00,0,2019,"2019-02-14",0
2019-02-14 12:00:00,0.12,2019,"2019-02-14",0.012
2019-02-15 00:00:00,0.03,2019,"2019-02-15",0.003
2019-02-15 12:00:00,0,2019,"2019-02-15",0
2019-02-16 00:00:00,0.03,2019,"2019-02-16",0.003
2019-02-16 12:00:00,0,2019,"2019-02-16",0
2019-02-17 00:00:00,0,2019,"2019-02-17",0
2019-02-17 12:00:00,0,2019,"2019-02-17",0
2019-02-18 00:00:00,0.03,2019,"2019-02-18",0.003
2019-02-18 12:00:00,0,2019,"2019-02-18",0
2019-02-19 00:00:00,0.03,2019,"2019-02-19",0.003
2019-02-19 12:00:00,0,2019,"2019-02-19",0
2019-02-20 00:00:00,0,2019,"2019-02-20",0
2019-02-20 12:00:00,1.21,2019,"2019-02-20",0.121
2019-02-21 00:00:00,0.03,2019,"2019-02-21",0.003
2019-02-21 12:00:00,0,2019,"2019-02-21",0
2019-02-22 00:00:00,0,2019,"2019-02-22",0
2019-02-22 12:00:00,0.15,2019,"2019-02-22",0.015
2019-02-23 00:00:00,0.45,2019,"2019-02-23",0.045
2019-02-23 12:00:00,0.1,2019,"2019-02-23",0.01
2019-02-24 00:00:00,0.12,2019,"2019-02-24",0.012
2019-02-24 12:00:00,0,2019,"2019-02-24",0
2019-02-25 00:00:00,0.06,2019,"2019-02-25",0.006
2019-02-25 12:00:00,0,2019,"2019-02-25",0
2019-02-26 00:00:00,0.03,2019,"2019-02-26",0.003
2019-02-26 12:00:00,0.06,2019,"2019-02-26",0.006
2019-02-27 00:00:00,0.06,2019,"2019-02-27",0.006
2019-02-27 12:00:00,0,2019,"2019-02-27",0
2019-02-28 00:00:00,0,2019,"2019-02-28",0
2019-02-28 12:00:00,0,2019,"2019-02-28",0
2019-03-01 00:00:00,0,2019,"2019-03-01",0
2019-03-01 12:00:00,0.12,2019,"2019-03-01",0.012
2019-03-02 00:00:00,0,2019,"2019-03-02",0
2019-03-02 12:00:00,0,2019,"2019-03-02",0
2019-03-03 00:00:00,0.03,2019,"2019-03-03",0.003
2019-03-03 12:00:00,0,2019,"2019-03-03",0
2019-03-04 00:00:00,0.03,2019,"2019-03-04",0.003
2019-03-04 12:00:00,0.03,2019,"2019-03-04",0.003
2019-03-05 00:00:00,0,2019,"2019-03-05",0
2019-03-05 12:00:00,0.03,2019,"2019-03-05",0.003
2019-03-06 00:00:00,0.03,2019,"2019-03-06",0.003
2019-03-06 12:00:00,0,2019,"2019-03-06",0
2019-03-07 00:00:00,0.03,2019,"2019-03-07",0.003
2019-03-07 12:00:00,0,2019,"2019-03-07",0
2019-03-08 00:00:00,0,2019,"2019-03-08",0
2019-03-08 12:00:00,0,2019,"2019-03-08",0
2019-03-09 00:00:00,0,2019,"2019-03-09",0
2019-03-09 12:00:00,0.55,2019,"2019-03-09",0.055
2019-03-10 00:00:00,0.15,2019,"2019-03-10",0.015
2019-03-10 12:00:00,0.49,2019,"2019-03-10",0.049
2019-03-11 00:00:00,0.09,2019,"2019-03-11",0.009
2019-03-11 12:00:00,0.73,2019,"2019-03-11",0.073
2019-03-12 00:00:00,0.09,2019,"2019-03-12",0.009
2019-03-12 12:00:00,0.33,2019,"2019-03-12",0.033
2019-03-13 00:00:00,0,2019,"2019-03-13",0
2019-03-13 12:00:00,2.39,2019,"2019-03-13",0.239
2019-03-14 00:00:00,0.27,2019,"2019-03-14",0.027
2019-03-14 12:00:00,0.12,2019,"2019-03-14",0.012
2019-03-15 00:00:00,0.02,2019,"2019-03-15",0.002
2019-03-15 12:00:00,0,2019,"2019-03-15",0
2019-03-16 00:00:00,0,2019,"2019-03-16",0
2019-03-16 12:00:00,0,2019,"2019-03-16",0
2019-03-17 00:00:00,0.04,2019,"2019-03-17",0.004
2019-03-17 12:00:00,0,2019,"2019-03-17",0
2019-03-18 00:00:00,0,2019,"2019-03-18",0
2019-03-18 12:00:00,0,2019,"2019-03-18",0
2019-03-19 00:00:00,0,2019,"2019-03-19",0
2019-03-19 12:00:00,0,2019,"2019-03-19",0
2019-03-20 00:00:00,0,2019,"2019-03-20",0
2019-03-20 12:00:00,0,2019,"2019-03-20",0
2019-03-21 00:00:00,0,2019,"2019-03-21",0
2019-03-21 12:00:00,0,2019,"2019-03-21",0
2019-03-22 00:00:00,0,2019,"2019-03-22",0
2019-03-22 12:00:00,0,2019,"2019-03-22",0
2019-03-23 00:00:00,0,2019,"2019-03-23",0
2019-03-23 12:00:00,0,2019,"2019-03-23",0
2019-03-24 00:00:00,0,2019,"2019-03-24",0
2019-03-24 12:00:00,0,2019,"2019-03-24",0
2019-03-25 00:00:00,0,2019,"2019-03-25",0
2019-03-25 12:00:00,0,2019,"2019-03-25",0
2019-03-26 00:00:00,0,2019,"2019-03-26",0
2019-03-26 12:00:00,0,2019,"2019-03-26",0
2019-03-27 00:00:00,0,2019,"2019-03-27",0
2019-03-27 12:00:00,0,2019,"2019-03-27",0
2019-03-28 00:00:00,0,2019,"2019-03-28",0
2019-03-28 12:00:00,0,2019,"2019-03-28",0
2019-03-29 00:00:00,0,2019,"2019-03-29",0
2019-03-29 12:00:00,0,2019,"2019-03-29",0
2019-03-30 00:00:00,0,2019,"2019-03-30",0
2019-03-30 12:00:00,0,2019,"2019-03-30",0
2019-03-31 00:00:00,0,2019,"2019-03-31",0
2019-03-31 12:00:00,0,2019,"2019-03-31",0
2019-04-01 00:00:00,0,2019,"2019-04-01",0
2019-04-01 12:00:00,0,2019,"2019-04-01",0
2019-04-02 00:00:00,0.23,2019,"2019-04-02",0.023
2019-04-02 12:00:00,0.19,2019,"2019-04-02",0.019
2019-04-03 00:00:00,0,2019,"2019-04-03",0
2019-04-03 12:00:00,0,2019,"2019-04-03",0
2019-04-04 00:00:00,0,2019,"2019-04-04",0
2019-04-04 12:00:00,0,2019,"2019-04-04",0
2019-04-05 00:00:00,0,2019,"2019-04-05",0
2019-04-05 12:00:00,0,2019,"2019-04-05",0
2019-04-06 00:00:00,0,2019,"2019-04-06",0
2019-04-06 12:00:00,0,2019,"2019-04-06",0
2019-04-07 00:00:00,1.52,2019,"2019-04-07",0.152
2019-04-07 12:00:00,0.21,2019,"2019-04-07",0.021
2019-04-08 00:00:00,0.6,2019,"2019-04-08",0.06
2019-04-08 12:00:00,0.23,2019,"2019-04-08",0.023
2019-04-09 00:00:00,0.09,2019,"2019-04-09",0.009
2019-04-09 12:00:00,0,2019,"2019-04-09",0
2019-04-10 00:00:00,0,2019,"2019-04-10",0
2019-04-10 12:00:00,0,2019,"2019-04-10",0
2019-04-11 00:00:00,0,2019,"2019-04-11",0
2019-04-11 12:00:00,1.9,2019,"2019-04-11",0.19
2019-04-12 00:00:00,1.36,2019,"2019-04-12",0.136
2019-04-12 12:00:00,0.67,2019,"2019-04-12",0.067
2019-04-13 00:00:00,0.06,2019,"2019-04-13",0.006
2019-04-13 12:00:00,0,2019,"2019-04-13",0
2019-04-14 00:00:00,0,2019,"2019-04-14",0
2019-04-14 12:00:00,0,2019,"2019-04-14",0
2019-04-15 00:00:00,0,2019,"2019-04-15",0
2019-04-15 12:00:00,0.47,2019,"2019-04-15",0.047
2019-04-16 00:00:00,0,2019,"2019-04-16",0
2019-04-16 12:00:00,0,2019,"2019-04-16",0
2019-04-17 00:00:00,0.42,2019,"2019-04-17",0.042
2019-04-17 12:00:00,1.02,2019,"2019-04-17",0.102
2019-04-18 00:00:00,0.06,2019,"2019-04-18",0.006
2019-04-18 12:00:00,0,2019,"2019-04-18",0
2019-04-19 00:00:00,0,2019,"2019-04-19",0
2019-04-19 12:00:00,0,2019,"2019-04-19",0
2019-04-20 00:00:00,0.06,2019,"2019-04-20",0.006
2019-04-20 12:00:00,0.03,2019,"2019-04-20",0.003
2019-04-21 00:00:00,0.92,2019,"2019-04-21",0.092
2019-04-21 12:00:00,0,2019,"2019-04-21",0
2019-04-22 00:00:00,0,2019,"2019-04-22",0
2019-04-22 12:00:00,0,2019,"2019-04-22",0
2019-04-23 00:00:00,0,2019,"2019-04-23",0
2019-04-23 12:00:00,0,2019,"2019-04-23",0
2019-04-24 00:00:00,0.03,2019,"2019-04-24",0.003
2019-04-24 12:00:00,0,2019,"2019-04-24",0
2019-04-25 00:00:00,0,2019,"2019-04-25",0
2019-04-25 12:00:00,0,2019,"2019-04-25",0
2019-04-26 00:00:00,0,2019,"2019-04-26",0
2019-04-26 12:00:00,0,2019,"2019-04-26",0
2019-04-27 00:00:00,0,2019,"2019-04-27",0
2019-04-27 12:00:00,0,2019,"2019-04-27",0
2019-04-28 00:00:00,0,2019,"2019-04-28",0
2019-04-28 12:00:00,0,2019,"2019-04-28",0
2019-04-29 00:00:00,0.97,2019,"2019-04-29",0.097
2019-04-29 12:00:00,0.03,2019,"2019-04-29",0.003
2019-04-30 00:00:00,0,2019,"2019-04-30",0
2019-04-30 12:00:00,0.03,2019,"2019-04-30",0.003
2019-05-01 00:00:00,0.15,2019,"2019-05-01",0.015
2019-05-01 12:00:00,0.55,2019,"2019-05-01",0.055
2019-05-02 00:00:00,0.21,2019,"2019-05-02",0.021
2019-05-02 12:00:00,0.03,2019,"2019-05-02",0.003
2019-05-03 00:00:00,0,2019,"2019-05-03",0
2019-05-03 12:00:00,0.34,2019,"2019-05-03",0.034
2019-05-04 00:00:00,0,2019,"2019-05-04",0
2019-05-04 12:00:00,0.09,2019,"2019-05-04",0.009
2019-05-05 00:00:00,0,2019,"2019-05-05",0
2019-05-05 12:00:00,0,2019,"2019-05-05",0
2019-05-06 00:00:00,0,2019,"2019-05-06",0
2019-05-06 12:00:00,0,2019,"2019-05-06",0
2019-05-07 00:00:00,0,2019,"2019-05-07",0
2019-05-07 12:00:00,0,2019,"2019-05-07",0
2019-05-08 00:00:00,0,2019,"2019-05-08",0
2019-05-08 12:00:00,0.51,2019,"2019-05-08",0.051
2019-05-09 00:00:00,0.27,2019,"2019-05-09",0.027
2019-05-09 12:00:00,0,2019,"2019-05-09",0
2019-05-10 00:00:00,0,2019,"2019-05-10",0
2019-05-10 12:00:00,0,2019,"2019-05-10",0
2019-05-11 00:00:00,0,2019,"2019-05-11",0
2019-05-11 12:00:00,0,2019,"2019-05-11",0
2019-05-12 00:00:00,0,2019,"2019-05-12",0
2019-05-12 12:00:00,0,2019,"2019-05-12",0
2019-05-13 00:00:00,0,2019,"2019-05-13",0
2019-05-13 12:00:00,0,2019,"2019-05-13",0
2019-05-14 00:00:00,0,2019,"2019-05-14",0
2019-05-14 12:00:00,0.21,2019,"2019-05-14",0.021
2019-05-15 00:00:00,0,2019,"2019-05-15",0
2019-05-15 12:00:00,0.42,2019,"2019-05-15",0.042
2019-05-16 00:00:00,0.03,2019,"2019-05-16",0.003
2019-05-16 12:00:00,0,2019,"2019-05-16",0
2019-05-17 00:00:00,0,2019,"2019-05-17",0
2019-05-17 12:00:00,0,2019,"2019-05-17",0
2019-05-18 00:00:00,0.76,2019,"2019-05-18",0.076
2019-05-18 12:00:00,0.12,2019,"2019-05-18",0.012
2019-05-19 00:00:00,0.03,2019,"2019-05-19",0.003
2019-05-19 12:00:00,0,2019,"2019-05-19",0
2019-05-20 00:00:00,0,2019,"2019-05-20",0
2019-05-20 12:00:00,0,2019,"2019-05-20",0
2019-05-21 00:00:00,0,2019,"2019-05-21",0
2019-05-21 12:00:00,0,2019,"2019-05-21",0
2019-05-22 00:00:00,0.78,2019,"2019-05-22",0.078
2019-05-22 12:00:00,1.39,2019,"2019-05-22",0.139
2019-05-23 00:00:00,0,2019,"2019-05-23",0
2019-05-23 12:00:00,0,2019,"2019-05-23",0
2019-05-24 00:00:00,0.06,2019,"2019-05-24",0.006
2019-05-24 12:00:00,0.36,2019,"2019-05-24",0.036
2019-05-25 00:00:00,0,2019,"2019-05-25",0
2019-05-25 12:00:00,0,2019,"2019-05-25",0
2019-05-26 00:00:00,0,2019,"2019-05-26",0
2019-05-26 12:00:00,0.27,2019,"2019-05-26",0.027
2019-05-27 00:00:00,0.28,2019,"2019-05-27",0.028
2019-05-27 12:00:00,0,2019,"2019-05-27",0
2019-05-28 00:00:00,0,2019,"2019-05-28",0
2019-05-28 12:00:00,0,2019,"2019-05-28",0
2019-05-29 00:00:00,0,2019,"2019-05-29",0
2019-05-29 12:00:00,0,2019,"2019-05-29",0
2019-05-30 00:00:00,0,2019,"2019-05-30",0
2019-05-30 12:00:00,0,2019,"2019-05-30",0
2019-05-31 00:00:00,0,2019,"2019-05-31",0
2019-05-31 12:00:00,0,2019,"2019-05-31",0
2019-06-01 00:00:00,0,2019,"2019-06-01",0
2019-06-01 12:00:00,0,2019,"2019-06-01",0
2019-06-02 00:00:00,0,2019,"2019-06-02",0
2019-06-02 12:00:00,0,2019,"2019-06-02",0
2019-06-03 00:00:00,0,2019,"2019-06-03",0
2019-06-03 12:00:00,0,2019,"2019-06-03",0
2019-06-04 00:00:00,0,2019,"2019-06-04",0
2019-06-04 12:00:00,0,2019,"2019-06-04",0
2019-06-05 00:00:00,0.17,2019,"2019-06-05",0.017
2019-06-05 12:00:00,0,2019,"2019-06-05",0
2019-06-06 00:00:00,0,2019,"2019-06-06",0
2019-06-06 12:00:00,0,2019,"2019-06-06",0
2019-06-07 00:00:00,0,2019,"2019-06-07",0
2019-06-07 12:00:00,0,2019,"2019-06-07",0
2019-06-08 00:00:00,0,2019,"2019-06-08",0
2019-06-08 12:00:00,0,2019,"2019-06-08",0
2019-06-09 00:00:00,0.21,2019,"2019-06-09",0.021
2019-06-09 12:00:00,0.11,2019,"2019-06-09",0.011
2019-06-10 00:00:00,0,2019,"2019-06-10",0
2019-06-10 12:00:00,0,2019,"2019-06-10",0
2019-06-11 00:00:00,0,2019,"2019-06-11",0
2019-06-11 12:00:00,0.29,2019,"2019-06-11",0.029
2019-06-12 00:00:00,0,2019,"2019-06-12",0
2019-06-12 12:00:00,0,2019,"2019-06-12",0
2019-06-13 00:00:00,0,2019,"2019-06-13",0
2019-06-13 12:00:00,0,2019,"2019-06-13",0
2019-06-14 00:00:00,0,2019,"2019-06-14",0
2019-06-14 12:00:00,0,2019,"2019-06-14",0
2019-06-15 00:00:00,0,2019,"2019-06-15",0
2019-06-15 12:00:00,0.06,2019,"2019-06-15",0.006
2019-06-16 00:00:00,0.47,2019,"2019-06-16",0.047
2019-06-16 12:00:00,0,2019,"2019-06-16",0
2019-06-17 00:00:00,0,2019,"2019-06-17",0
2019-06-17 12:00:00,0,2019,"2019-06-17",0
2019-06-18 00:00:00,0,2019,"2019-06-18",0
2019-06-18 12:00:00,0.1,2019,"2019-06-18",0.01
2019-06-19 00:00:00,0,2019,"2019-06-19",0
2019-06-19 12:00:00,0.1,2019,"2019-06-19",0.01
2019-06-20 00:00:00,0,2019,"2019-06-20",0
2019-06-20 12:00:00,0,2019,"2019-06-20",0
2019-06-21 00:00:00,0,2019,"2019-06-21",0
2019-06-21 12:00:00,0,2019,"2019-06-21",0
2019-06-22 00:00:00,0,2019,"2019-06-22",0
2019-06-22 12:00:00,0,2019,"2019-06-22",0
2019-06-23 00:00:00,0.06,2019,"2019-06-23",0.006
2019-06-23 12:00:00,0,2019,"2019-06-23",0
2019-06-24 00:00:00,1.66,2019,"2019-06-24",0.166
2019-06-24 12:00:00,0.35,2019,"2019-06-24",0.035
2019-06-25 00:00:00,0,2019,"2019-06-25",0
2019-06-25 12:00:00,0,2019,"2019-06-25",0
2019-06-26 00:00:00,0,2019,"2019-06-26",0
2019-06-26 12:00:00,0,2019,"2019-06-26",0
2019-06-27 00:00:00,0,2019,"2019-06-27",0
2019-06-27 12:00:00,0.68,2019,"2019-06-27",0.068
2019-06-28 00:00:00,0,2019,"2019-06-28",0
2019-06-28 12:00:00,0,2019,"2019-06-28",0
2019-06-29 00:00:00,0,2019,"2019-06-29",0
2019-06-29 12:00:00,0,2019,"2019-06-29",0
2019-06-30 00:00:00,3.65,2019,"2019-06-30",0.365
2019-06-30 12:00:00,0,2019,"2019-06-30",0
2019-07-01 00:00:00,0,2019,"2019-07-01",0
2019-07-01 12:00:00,0,2019,"2019-07-01",0
2019-07-02 00:00:00,0,2019,"2019-07-02",0
2019-07-02 12:00:00,0,2019,"2019-07-02",0
2019-07-03 00:00:00,0,2019,"2019-07-03",0
2019-07-03 12:00:00,0,2019,"2019-07-03",0
2019-07-04 00:00:00,0,2019,"2019-07-04",0
2019-07-04 12:00:00,0,2019,"2019-07-04",0
2019-07-05 00:00:00,0,2019,"2019-07-05",0
2019-07-05 12:00:00,0,2019,"2019-07-05",0
2019-07-06 00:00:00,0,2019,"2019-07-06",0
2019-07-06 12:00:00,0,2019,"2019-07-06",0
2019-07-07 00:00:00,0,2019,"2019-07-07",0
2019-07-07 12:00:00,0,2019,"2019-07-07",0
2019-07-08 00:00:00,0,2019,"2019-07-08",0
2019-07-08 12:00:00,0.09,2019,"2019-07-08",0.009
2019-07-09 00:00:00,0,2019,"2019-07-09",0
2019-07-09 12:00:00,1,2019,"2019-07-09",0.1
2019-07-10 00:00:00,1.51,2019,"2019-07-10",0.151
2019-07-10 12:00:00,0.11,2019,"2019-07-10",0.011
2019-07-11 00:00:00,0,2019,"2019-07-11",0
2019-07-11 12:00:00,0,2019,"2019-07-11",0
2019-07-12 00:00:00,0,2019,"2019-07-12",0
2019-07-12 12:00:00,0,2019,"2019-07-12",0
2019-07-13 00:00:00,0,2019,"2019-07-13",0
2019-07-13 12:00:00,0,2019,"2019-07-13",0
2019-07-14 00:00:00,0,2019,"2019-07-14",0
2019-07-14 12:00:00,0,2019,"2019-07-14",0
2019-07-15 00:00:00,0,2019,"2019-07-15",0
2019-07-15 12:00:00,1.31,2019,"2019-07-15",0.131
2019-07-16 00:00:00,0,2019,"2019-07-16",0
2019-07-16 12:00:00,0,2019,"2019-07-16",0
2019-07-17 00:00:00,2.82,2019,"2019-07-17",0.282
2019-07-17 12:00:00,0.03,2019,"2019-07-17",0.003
2019-07-18 00:00:00,0,2019,"2019-07-18",0
2019-07-18 12:00:00,0,2019,"2019-07-18",0
2019-07-19 00:00:00,0,2019,"2019-07-19",0
2019-07-19 12:00:00,0.03,2019,"2019-07-19",0.003
2019-07-20 00:00:00,0,2019,"2019-07-20",0
2019-07-20 12:00:00,0,2019,"2019-07-20",0
2019-07-21 00:00:00,0,2019,"2019-07-21",0
2019-07-21 12:00:00,0,2019,"2019-07-21",0
2019-07-22 00:00:00,0,2019,"2019-07-22",0
2019-07-22 12:00:00,0,2019,"2019-07-22",0
2019-07-23 00:00:00,0,2019,"2019-07-23",0
2019-07-23 12:00:00,0,2019,"2019-07-23",0
2019-07-24 00:00:00,0,2019,"2019-07-24",0
2019-07-24 12:00:00,0,2019,"2019-07-24",0
2019-07-25 00:00:00,0,2019,"2019-07-25",0
2019-07-25 12:00:00,0.7,2019,"2019-07-25",0.07
2019-07-26 00:00:00,0,2019,"2019-07-26",0
2019-07-26 12:00:00,0.03,2019,"2019-07-26",0.003
2019-07-27 00:00:00,0,2019,"2019-07-27",0
2019-07-27 12:00:00,0,2019,"2019-07-27",0
2019-07-28 00:00:00,0,2019,"2019-07-28",0
2019-07-28 12:00:00,0.12,2019,"2019-07-28",0.012
2019-07-29 00:00:00,0,2019,"2019-07-29",0
2019-07-29 12:00:00,0,2019,"2019-07-29",0
2019-07-30 00:00:00,0,2019,"2019-07-30",0
2019-07-30 12:00:00,0,2019,"2019-07-30",0
2019-07-31 00:00:00,0,2019,"2019-07-31",0
2019-07-31 12:00:00,0,2019,"2019-07-31",0
2019-08-01 00:00:00,0,2019,"2019-08-01",0
2019-08-01 12:00:00,0,2019,"2019-08-01",0
2019-08-02 00:00:00,0,2019,"2019-08-02",0
2019-08-02 12:00:00,0,2019,"2019-08-02",0
2019-08-03 00:00:00,0,2019,"2019-08-03",0
2019-08-03 12:00:00,0.11,2019,"2019-08-03",0.011
2019-08-04 00:00:00,0,2019,"2019-08-04",0
2019-08-04 12:00:00,0,2019,"2019-08-04",0
2019-08-05 00:00:00,0.19,2019,"2019-08-05",0.019
2019-08-05 12:00:00,0,2019,"2019-08-05",0
2019-08-06 00:00:00,0,2019,"2019-08-06",0
2019-08-06 12:00:00,0.06,2019,"2019-08-06",0.006
2019-08-07 00:00:00,0.48,2019,"2019-08-07",0.048
2019-08-07 12:00:00,0,2019,"2019-08-07",0
2019-08-08 00:00:00,0,2019,"2019-08-08",0
2019-08-08 12:00:00,0,2019,"2019-08-08",0
2019-08-09 00:00:00,0,2019,"2019-08-09",0
2019-08-09 12:00:00,0,2019,"2019-08-09",0
2019-08-10 00:00:00,0,2019,"2019-08-10",0
2019-08-10 12:00:00,0,2019,"2019-08-10",0
2019-08-11 00:00:00,0.56,2019,"2019-08-11",0.056
2019-08-11 12:00:00,0,2019,"2019-08-11",0
2019-08-12 00:00:00,0,2019,"2019-08-12",0
2019-08-12 12:00:00,0.58,2019,"2019-08-12",0.058
2019-08-13 00:00:00,0.06,2019,"2019-08-13",0.006
2019-08-13 12:00:00,0,2019,"2019-08-13",0
2019-08-14 00:00:00,0,2019,"2019-08-14",0
2019-08-14 12:00:00,0,2019,"2019-08-14",0
2019-08-15 00:00:00,0,2019,"2019-08-15",0
2019-08-15 12:00:00,0.06,2019,"2019-08-15",0.006
2019-08-16 00:00:00,0,2019,"2019-08-16",0
2019-08-16 12:00:00,0,2019,"2019-08-16",0
2019-08-17 00:00:00,0,2019,"2019-08-17",0
2019-08-17 12:00:00,0.44,2019,"2019-08-17",0.044
2019-08-18 00:00:00,0.32,2019,"2019-08-18",0.032
2019-08-18 12:00:00,0,2019,"2019-08-18",0
2019-08-19 00:00:00,0,2019,"2019-08-19",0
2019-08-19 12:00:00,0,2019,"2019-08-19",0
2019-08-20 00:00:00,1.1,2019,"2019-08-20",0.11
2019-08-20 12:00:00,0,2019,"2019-08-20",0
2019-08-21 00:00:00,0,2019,"2019-08-21",0
2019-08-21 12:00:00,0,2019,"2019-08-21",0
2019-08-22 00:00:00,0,2019,"2019-08-22",0
2019-08-22 12:00:00,0,2019,"2019-08-22",0
2019-08-23 00:00:00,0,2019,"2019-08-23",0
2019-08-23 12:00:00,0,2019,"2019-08-23",0
2019-08-24 00:00:00,0,2019,"2019-08-24",0
2019-08-24 12:00:00,0,2019,"2019-08-24",0
2019-08-25 00:00:00,0,2019,"2019-08-25",0
2019-08-25 12:00:00,0.66,2019,"2019-08-25",0.066
2019-08-26 00:00:00,0.47,2019,"2019-08-26",0.047
2019-08-26 12:00:00,2.18,2019,"2019-08-26",0.218
2019-08-27 00:00:00,0,2019,"2019-08-27",0
2019-08-27 12:00:00,0.09,2019,"2019-08-27",0.009
2019-08-28 00:00:00,0.29,2019,"2019-08-28",0.029
2019-08-28 12:00:00,0,2019,"2019-08-28",0
2019-08-29 00:00:00,0.18,2019,"2019-08-29",0.018
2019-08-29 12:00:00,0,2019,"2019-08-29",0
2019-08-30 00:00:00,0,2019,"2019-08-30",0
2019-08-30 12:00:00,0,2019,"2019-08-30",0
2019-08-31 00:00:00,0,2019,"2019-08-31",0
2019-08-31 12:00:00,0,2019,"2019-08-31",0
2019-09-01 00:00:00,0,2019,"2019-09-01",0
2019-09-01 12:00:00,0.03,2019,"2019-09-01",0.003
2019-09-02 00:00:00,0,2019,"2019-09-02",0
2019-09-02 12:00:00,0.37,2019,"2019-09-02",0.037
2019-09-03 00:00:00,0.31,2019,"2019-09-03",0.031
2019-09-03 12:00:00,0.06,2019,"2019-09-03",0.006
2019-09-04 00:00:00,0,2019,"2019-09-04",0
2019-09-04 12:00:00,0,2019,"2019-09-04",0
2019-09-05 00:00:00,0.39,2019,"2019-09-05",0.039
2019-09-05 12:00:00,0.06,2019,"2019-09-05",0.006
2019-09-06 00:00:00,0,2019,"2019-09-06",0
2019-09-06 12:00:00,0,2019,"2019-09-06",0
2019-09-07 00:00:00,0,2019,"2019-09-07",0
2019-09-07 12:00:00,0,2019,"2019-09-07",0
2019-09-08 00:00:00,0,2019,"2019-09-08",0
2019-09-08 12:00:00,0,2019,"2019-09-08",0
2019-09-09 00:00:00,0,2019,"2019-09-09",0
2019-09-09 12:00:00,4.09,2019,"2019-09-09",0.409
2019-09-10 00:00:00,0,2019,"2019-09-10",0
2019-09-10 12:00:00,0.06,2019,"2019-09-10",0.006
2019-09-11 00:00:00,0,2019,"2019-09-11",0
2019-09-11 12:00:00,0,2019,"2019-09-11",0
2019-09-12 00:00:00,0.73,2019,"2019-09-12",0.073
2019-09-12 12:00:00,0.99,2019,"2019-09-12",0.099
2019-09-13 00:00:00,0.7,2019,"2019-09-13",0.07
2019-09-13 12:00:00,0,2019,"2019-09-13",0
2019-09-14 00:00:00,0,2019,"2019-09-14",0
2019-09-14 12:00:00,0.03,2019,"2019-09-14",0.003
2019-09-15 00:00:00,0,2019,"2019-09-15",0
2019-09-15 12:00:00,0,2019,"2019-09-15",0
2019-09-16 00:00:00,0,2019,"2019-09-16",0
2019-09-16 12:00:00,0,2019,"2019-09-16",0
2019-09-17 00:00:00,0.63,2019,"2019-09-17",0.063
2019-09-17 12:00:00,0.11,2019,"2019-09-17",0.011
2019-09-18 00:00:00,0.4,2019,"2019-09-18",0.04
2019-09-18 12:00:00,0.06,2019,"2019-09-18",0.006
2019-09-19 00:00:00,0,2019,"2019-09-19",0
2019-09-19 12:00:00,0,2019,"2019-09-19",0
2019-09-20 00:00:00,0,2019,"2019-09-20",0
2019-09-20 12:00:00,0,2019,"2019-09-20",0
2019-09-21 00:00:00,0.66,2019,"2019-09-21",0.066
2019-09-21 12:00:00,0.11,2019,"2019-09-21",0.011
2019-09-22 00:00:00,0,2019,"2019-09-22",0
2019-09-22 12:00:00,0,2019,"2019-09-22",0
2019-09-23 00:00:00,0,2019,"2019-09-23",0
2019-09-23 12:00:00,0,2019,"2019-09-23",0
2019-09-24 00:00:00,0,2019,"2019-09-24",0
2019-09-24 12:00:00,0.17,2019,"2019-09-24",0.017
2019-09-25 00:00:00,0,2019,"2019-09-25",0
2019-09-25 12:00:00,0,2019,"2019-09-25",0
2019-09-26 00:00:00,0,2019,"2019-09-26",0
2019-09-26 12:00:00,0.25,2019,"2019-09-26",0.025
2019-09-27 00:00:00,0.09,2019,"2019-09-27",0.009
2019-09-27 12:00:00,0,2019,"2019-09-27",0
2019-09-28 00:00:00,0,2019,"2019-09-28",0
2019-09-28 12:00:00,0,2019,"2019-09-28",0
2019-09-29 00:00:00,0,2019,"2019-09-29",0
2019-09-29 12:00:00,0.19,2019,"2019-09-29",0.019
2019-09-30 00:00:00,2.45,2019,"2019-09-30",0.245
2019-09-30 12:00:00,0,2019,"2019-09-30",0
2019-10-01 00:00:00,0,2019,"2019-10-01",0
2019-10-01 12:00:00,0,2019,"2019-10-01",0
2019-10-02 00:00:00,0,2019,"2019-10-02",0
2019-10-02 12:00:00,0.77,2019,"2019-10-02",0.077
2019-10-03 00:00:00,0.82,2019,"2019-10-03",0.082
2019-10-03 12:00:00,0,2019,"2019-10-03",0
2019-10-04 00:00:00,0,2019,"2019-10-04",0
2019-10-04 12:00:00,0,2019,"2019-10-04",0
2019-10-05 00:00:00,1.42,2019,"2019-10-05",0.142
2019-10-05 12:00:00,0.62,2019,"2019-10-05",0.062
2019-10-06 00:00:00,0,2019,"2019-10-06",0
2019-10-06 12:00:00,0.13,2019,"2019-10-06",0.013
2019-10-07 00:00:00,0,2019,"2019-10-07",0
2019-10-07 12:00:00,0,2019,"2019-10-07",0
2019-10-08 00:00:00,0,2019,"2019-10-08",0
2019-10-08 12:00:00,0,2019,"2019-10-08",0
2019-10-09 00:00:00,0,2019,"2019-10-09",0
2019-10-09 12:00:00,0.13,2019,"2019-10-09",0.013
2019-10-10 00:00:00,0,2019,"2019-10-10",0
2019-10-10 12:00:00,1.11,2019,"2019-10-10",0.111
2019-10-11 00:00:00,0.68,2019,"2019-10-11",0.068
2019-10-11 12:00:00,0.12,2019,"2019-10-11",0.012
2019-10-12 00:00:00,0.18,2019,"2019-10-12",0.018
2019-10-12 12:00:00,0.41,2019,"2019-10-12",0.041
2019-10-13 00:00:00,0.3,2019,"2019-10-13",0.03
2019-10-13 12:00:00,0.11,2019,"2019-10-13",0.011
2019-10-14 00:00:00,0,2019,"2019-10-14",0
2019-10-14 12:00:00,0,2019,"2019-10-14",0
2019-10-15 00:00:00,0.04,2019,"2019-10-15",0.004
2019-10-15 12:00:00,0.03,2019,"2019-10-15",0.003
2019-10-16 00:00:00,0.03,2019,"2019-10-16",0.003
2019-10-16 12:00:00,0,2019,"2019-10-16",0
2019-10-17 00:00:00,0,2019,"2019-10-17",0
2019-10-17 12:00:00,0,2019,"2019-10-17",0
2019-10-18 00:00:00,0,2019,"2019-10-18",0
2019-10-18 12:00:00,0,2019,"2019-10-18",0
2019-10-19 00:00:00,0,2019,"2019-10-19",0
2019-10-19 12:00:00,0,2019,"2019-10-19",0
2019-10-20 00:00:00,0,2019,"2019-10-20",0
2019-10-20 12:00:00,0,2019,"2019-10-20",0
2019-10-21 00:00:00,0.05,2019,"2019-10-21",0.005
2019-10-21 12:00:00,3.27,2019,"2019-10-21",0.327
2019-10-22 00:00:00,0.41,2019,"2019-10-22",0.041
2019-10-22 12:00:00,0.04,2019,"2019-10-22",0.004
2019-10-23 00:00:00,0.01,2019,"2019-10-23",0.001
2019-10-23 12:00:00,0,2019,"2019-10-23",0
2019-10-24 00:00:00,0,2019,"2019-10-24",0
2019-10-24 12:00:00,0,2019,"2019-10-24",0
2019-10-25 00:00:00,0,2019,"2019-10-25",0
2019-10-25 12:00:00,0,2019,"2019-10-25",0
2019-10-26 00:00:00,0,2019,"2019-10-26",0
2019-10-26 12:00:00,0,2019,"2019-10-26",0
2019-10-27 00:00:00,0,2019,"2019-10-27",0
2019-10-27 12:00:00,0.01,2019,"2019-10-27",0.001
2019-10-28 00:00:00,0,2019,"2019-10-28",0
2019-10-28 12:00:00,0,2019,"2019-10-28",0
2019-10-29 00:00:00,0,2019,"2019-10-29",0
2019-10-29 12:00:00,0,2019,"2019-10-29",0
2019-10-30 00:00:00,0,2019,"2019-10-30",0
2019-10-30 12:00:00,0,2019,"2019-10-30",0
2019-10-31 00:00:00,0,2019,"2019-10-31",0
2019-10-31 12:00:00,0,2019,"2019-10-31",0
2019-11-01 00:00:00,0.02,2019,"2019-11-01",0.002
2019-11-01 12:00:00,0.02,2019,"2019-11-01",0.002
2019-11-02 00:00:00,0,2019,"2019-11-02",0
2019-11-02 12:00:00,0,2019,"2019-11-02",0
2019-11-03 00:00:00,0,2019,"2019-11-03",0
2019-11-03 12:00:00,0.05,2019,"2019-11-03",0.005
2019-11-04 00:00:00,0.05,2019,"2019-11-04",0.005
2019-11-04 12:00:00,0.05,2019,"2019-11-04",0.005
2019-11-05 00:00:00,0,2019,"2019-11-05",0
2019-11-05 12:00:00,0,2019,"2019-11-05",0
2019-11-06 00:00:00,0,2019,"2019-11-06",0
2019-11-06 12:00:00,0,2019,"2019-11-06",0
2019-11-07 00:00:00,0,2019,"2019-11-07",0
2019-11-07 12:00:00,0,2019,"2019-11-07",0
2019-11-08 00:00:00,0,2019,"2019-11-08",0
2019-11-08 12:00:00,0.08,2019,"2019-11-08",0.008
2019-11-09 00:00:00,0,2019,"2019-11-09",0
2019-11-09 12:00:00,0,2019,"2019-11-09",0
2019-11-10 00:00:00,0,2019,"2019-11-10",0
2019-11-10 12:00:00,0,2019,"2019-11-10",0
2019-11-11 00:00:00,0,2019,"2019-11-11",0
2019-11-11 12:00:00,0,2019,"2019-11-11",0
2019-11-12 00:00:00,0,2019,"2019-11-12",0
2019-11-12 12:00:00,0,2019,"2019-11-12",0
2019-11-13 00:00:00,0.28,2019,"2019-11-13",0.028
2019-11-13 12:00:00,0,2019,"2019-11-13",0
2019-11-14 00:00:00,0,2019,"2019-11-14",0
2019-11-14 12:00:00,0,2019,"2019-11-14",0
2019-11-15 00:00:00,0,2019,"2019-11-15",0
2019-11-15 12:00:00,0,2019,"2019-11-15",0
2019-11-16 00:00:00,0,2019,"2019-11-16",0
2019-11-16 12:00:00,0.06,2019,"2019-11-16",0.006
2019-11-17 00:00:00,0,2019,"2019-11-17",0
2019-11-17 12:00:00,0,2019,"2019-11-17",0
2019-11-18 00:00:00,0,2019,"2019-11-18",0
2019-11-18 12:00:00,0,2019,"2019-11-18",0
2019-11-19 00:00:00,0,2019,"2019-11-19",0
2019-11-19 12:00:00,0,2019,"2019-11-19",0
2019-11-20 00:00:00,0,2019,"2019-11-20",0
2019-11-20 12:00:00,1.27,2019,"2019-11-20",0.127
2019-11-21 00:00:00,0.31,2019,"2019-11-21",0.031
2019-11-21 12:00:00,0,2019,"2019-11-21",0
2019-11-22 00:00:00,0,2019,"2019-11-22",0
2019-11-22 12:00:00,0,2019,"2019-11-22",0
2019-11-23 00:00:00,0,2019,"2019-11-23",0
2019-11-23 12:00:00,0.02,2019,"2019-11-23",0.002
2019-11-24 00:00:00,0,2019,"2019-11-24",0
2019-11-24 12:00:00,0.22,2019,"2019-11-24",0.022
2019-11-25 00:00:00,0.28,2019,"2019-11-25",0.028
2019-11-25 12:00:00,0.1,2019,"2019-11-25",0.01
2019-11-26 00:00:00,0,2019,"2019-11-26",0
2019-11-26 12:00:00,0,2019,"2019-11-26",0
2019-11-27 00:00:00,0.11,2019,"2019-11-27",0.011
2019-11-27 12:00:00,0.01,2019,"2019-11-27",0.001
2019-11-28 00:00:00,0,2019,"2019-11-28",0
2019-11-28 12:00:00,0,2019,"2019-11-28",0
2019-11-29 00:00:00,0,2019,"2019-11-29",0
2019-11-29 12:00:00,0,2019,"2019-11-29",0
2019-11-30 00:00:00,0.27,2019,"2019-11-30",0.027
2019-11-30 12:00:00,2.81,2019,"2019-11-30",0.281
2019-12-01 00:00:00,0.46,2019,"2019-12-01",0.046
2019-12-01 12:00:00,0,2019,"2019-12-01",0
2019-12-02 00:00:00,0,2019,"2019-12-02",0
2019-12-02 12:00:00,0,2019,"2019-12-02",0
2019-12-03 00:00:00,0,2019,"2019-12-03",0
2019-12-03 12:00:00,0,2019,"2019-12-03",0
2019-12-04 00:00:00,0,2019,"2019-12-04",0
2019-12-04 12:00:00,0,2019,"2019-12-04",0
2019-12-05 00:00:00,0,2019,"2019-12-05",0
2019-12-05 12:00:00,0.03,2019,"2019-12-05",0.003
2019-12-06 00:00:00,0,2019,"2019-12-06",0
2019-12-06 12:00:00,0,2019,"2019-12-06",0
2019-12-07 00:00:00,0,2019,"2019-12-07",0
2019-12-07 12:00:00,0,2019,"2019-12-07",0
2019-12-08 00:00:00,0,2019,"2019-12-08",0
2019-12-08 12:00:00,0.45,2019,"2019-12-08",0.045
2019-12-09 00:00:00,0.65,2019,"2019-12-09",0.065
2019-12-09 12:00:00,0,2019,"2019-12-09",0
2019-12-10 00:00:00,0.07,2019,"2019-12-10",0.007
2019-12-10 12:00:00,0,2019,"2019-12-10",0
2019-12-11 00:00:00,0,2019,"2019-12-11",0
2019-12-11 12:00:00,0,2019,"2019-12-11",0
2019-12-12 00:00:00,0.11,2019,"2019-12-12",0.011
2019-12-12 12:00:00,0,2019,"2019-12-12",0
2019-12-13 00:00:00,0.11,2019,"2019-12-13",0.011
2019-12-13 12:00:00,0.45,2019,"2019-12-13",0.045
2019-12-14 00:00:00,0.13,2019,"2019-12-14",0.013
2019-12-14 12:00:00,0,2019,"2019-12-14",0
2019-12-15 00:00:00,0,2019,"2019-12-15",0
2019-12-15 12:00:00,0.06,2019,"2019-12-15",0.006
2019-12-16 00:00:00,0.07,2019,"2019-12-16",0.007
2019-12-16 12:00:00,0.03,2019,"2019-12-16",0.003
2019-12-17 00:00:00,0.03,2019,"2019-12-17",0.003
2019-12-17 12:00:00,0,2019,"2019-12-17",0
2019-12-18 00:00:00,0,2019,"2019-12-18",0
2019-12-18 12:00:00,0,2019,"2019-12-18",0
2019-12-19 00:00:00,0,2019,"2019-12-19",0
2019-12-19 12:00:00,0,2019,"2019-12-19",0
2019-12-20 00:00:00,0,2019,"2019-12-20",0
2019-12-20 12:00:00,0,2019,"2019-12-20",0
2019-12-21 00:00:00,0,2019,"2019-12-21",0
2019-12-21 12:00:00,0,2019,"2019-12-21",0
2019-12-22 00:00:00,0,2019,"2019-12-22",0
2019-12-22 12:00:00,0,2019,"2019-12-22",0
2019-12-23 00:00:00,0,2019,"2019-12-23",0
2019-12-23 12:00:00,0,2019,"2019-12-23",0
2019-12-24 00:00:00,0,2019,"2019-12-24",0
2019-12-24 12:00:00,0,2019,"2019-12-24",0
2019-12-25 00:00:00,0,2019,"2019-12-25",0
2019-12-25 12:00:00,0.18,2019,"2019-12-25",0.018
2019-12-26 00:00:00,0.54,2019,"2019-12-26",0.054
2019-12-26 12:00:00,0,2019,"2019-12-26",0
2019-12-27 00:00:00,0,2019,"2019-12-27",0
2019-12-27 12:00:00,0,2019,"2019-12-27",0
2019-12-28 00:00:00,0,2019,"2019-12-28",0
2019-12-28 12:00:00,1,2019,"2019-12-28",0.1
2019-12-29 00:00:00,2.16,2019,"2019-12-29",0.216
2019-12-29 12:00:00,0.25,2019,"2019-12-29",0.025
2019-12-30 00:00:00,0.12,2019,"2019-12-30",0.012
2019-12-30 12:00:00,0.19,2019,"2019-12-30",0.019
2019-12-31 00:00:00,0,2019,"2019-12-31",0
2019-12-31 12:00:00,0,2019,"2019-12-31",0
